Locus ID,Rs ID,Variant ID,Chr.,Position,Signal_Population,Signal_Serostatus,EAS_EAF,EUR_EAF,OR_multi,L95_multi,U95_multi,Pvalue_multi,Direction_multi,P.het_multi,OR_EUR,L95_EUR,U95_EUR,Pvalue_EUR,Direction_EUR,P.het_EUR,OR_EAS,L95_EAS,U95_EAS,Pvalue_EAS,Direction_EAS,P.het_EAS,OR_AFR,L95_AFR,U95_AFR,Pvalue_AFR,Direction_AFR,P.het_AFR,OR_SAS,L95_SAS,U95_SAS,Pvalue_SAS,OR_ARB,L95_ARB,U95_ARB,Pvalue_ARB,OR_multi_sero,L95_multi_sero,U95_multi_sero,Pvalue_multi_sero,Direction_multi_sero,P.het_multi_sero,OR_EUR_sero,L95_EUR_sero,U95_EUR_sero,Pvalue_EUR_sero,Direction_EUR_sero,P.het_EUR_sero,OR_EAS_sero,L95_EAS_sero,U95_EAS_sero,Pvalue_EAS_sero,Direction_EAS_sero,P.het_EAS_sero,OR_multi_seroneg,L95_multi_seroneg,U95_multi_seroneg,Pvalue_multi_seroneg,Direction_multi_seroneg,P.het_multi_seroneg
1,rs2258734,1:2483961:G:A,1,"2,483,961",Multi,combined,0.481,0.314,0.91,0.89,0.93,3.51E-19,+-----------+----------+-----.-------,1.83E-01,0.91,0.88,0.94,2.52E-10,+-----------+----------+-,2.40E-01,0.9,0.87,0.93,3.74E-09,----.---,6.97E-02,0.97,0.82,1.15,0.7334,--,8.52E-01,0.85,0.75,0.96,7.23E-03,0.95,0.75,1.19,6.46E-01,0.88,0.85,0.9,1.68E-24,--------------------------.-----.---,8.25E-01,0.88,0.85,0.91,1.05E-14,------------------------,6.98E-01,0.86,0.82,0.9,2.31E-10,--.----.,5.28E-01,1.04,0.98,1.1,1.73E-01,++---+-+++++-+--++,5.32E-01
2,esv3585367,1:17676165:A:<CN0>,1,"17,676,165",Multi,combined,0.571,0.361,0.88,0.87,0.9,2.08E-30,---+---+---+---+------------------+--,4.09E-06,0.92,0.9,0.95,1.34E-08,---+---+---+---+---------,1.18E-01,0.83,0.8,0.86,1.12E-27,--------,2.51E-04,0.84,0.63,1.12,0.2471,+-,1.03E-01,0.89,0.78,1.02,9.17E-02,0.94,0.75,1.17,5.61E-01,0.87,0.85,0.89,4.46E-33,-----+----+------------+------+----+,3.20E-04,0.9,0.88,0.93,2.48E-11,-----+----+------------+,2.98E-01,0.82,0.79,0.85,2.03E-25,------+-,5.80E-04,0.99,0.94,1.04,6.77E-01,+-+-+-+++---+---+-,1.11E-01
3,rs7540342,1:38622268:T:C,1,"38,622,268",Multi,combined,0.014,0.235,0.9,0.88,0.93,5.34E-12,---+----+------++------+----++.------,1.44E-01,0.91,0.88,0.94,2.78E-10,---+----+------++------+-,1.07E-01,0.78,0.64,0.96,1.75E-02,---++.--,3.06E-01,0.9,0.73,1.12,0.3365,--,7.16E-01,0.91,0.7,1.18,4.73E-01,0.77,0.6,0.98,3.64E-02,0.89,0.86,0.91,4.20E-14,-+---------------+-----+.-....--+---,1.48E-01,0.89,0.86,0.92,3.86E-13,-+---------------+-----+,9.65E-02,0.83,0.48,1.44,5.04E-01,.-....-+,1.06E-01,1,0.93,1.07,9.65E-01,----++++-+.....--+,3.10E-02
4,rs41269479,1:42166782:G:A,1,"42,166,782",EAS,seroposi,0.259,0.283,1.05,1.02,1.08,2.72E-04,-+++-+.--++-+.......++.+++++++++++--+,3.13E-02,1.01,0.97,1.05,5.64E-01,-+++-+.--++-+.......++.++,3.21E-01,1.09,1.05,1.13,1.28E-05,++++++++,5.32E-02,0.85,0.62,1.16,0.3141,--,2.94E-01,1.11,0.9,1.37,3.44E-01,1.23,0.94,1.6,1.34E-01,1.08,1.05,1.12,6.15E-07,-+--.-+.+-+++++++.......++.+++++++--,8.75E-02,1.04,1,1.08,7.98E-02,-+--.-+.+-+++++++.......,2.53E-01,1.15,1.09,1.2,2.51E-08,++.+++++,7.37E-01,0.96,0.9,1.03,2.72E-01,+-+.--.----+++++++,7.47E-02
5,rs4655698,1:67798327:T:G,1,"67,798,327",Multi,combined,0.747,0.815,0.92,0.9,0.95,6.07E-11,---++-----------+--------------------,7.94E-01,0.91,0.88,0.94,8.49E-08,---++-----------+--------,8.70E-01,0.94,0.9,0.97,7.48E-04,--------,5.08E-01,0.86,0.73,1.01,0.0723,--,8.22E-02,0.97,0.85,1.11,6.90E-01,0.84,0.67,1.05,1.17E-01,0.92,0.89,0.94,5.68E-10,--++-------------+--------.--+------,7.56E-01,0.91,0.88,0.94,1.52E-07,--++-------------+------,6.85E-01,0.93,0.89,0.98,6.23E-03,--.--+--,7.07E-01,0.96,0.9,1.02,1.61E-01,------+---+-+-++-+,7.54E-01
6,rs41313373,1:92940411:C:T,1,"92,940,411",Multi,seroposi,0.014,0.144,1.09,1.06,1.13,6.95E-07,-+-++++-+++-+++++++-++.++--+-++++++++,5.64E-01,1.1,1.06,1.14,9.55E-07,-+-++++-+++-+++++++-++.++,8.96E-01,1.02,0.88,1.18,7.69E-01,--+-++++,2.80E-02,1.51,0.8,2.87,0.2067,++,7.85E-01,1.03,0.75,1.41,8.62E-01,1.19,0.87,1.65,2.76E-01,1.12,1.08,1.16,1.08E-08,-++++-+.++++-+++++++-+++-++-++.+++++,5.29E-01,1.12,1.08,1.17,3.89E-08,-++++-+.++++-+++++++-+++,7.64E-01,1.05,0.89,1.24,5.45E-01,-++-++.+,5.88E-02,1,0.92,1.1,9.28E-01,-----+.-++-+--+-++,7.80E-01
7,rs2476601,1:114377568:A:G,1,"114,377,568",Multi,combined,1.000,0.906,0.58,0.56,0.6,4.45E-169,-------------------------.......-.+.-,3.45E-04,0.58,0.56,0.6,3.75E-168,-------------------------,1.00E-03,NA,NA,NA,NA,NA,NA,4.13,0.54,31.64,0.1723,+.,1.00E+00,0.47,0.16,1.4,1.76E-01,0.16,0.05,0.55,3.55E-03,0.55,0.53,0.58,1.19E-173,------------------------...........+,1.86E-01,0.55,0.53,0.58,5.12E-174,------------------------,2.64E-01,NA,NA,NA,NA,NA,NA,0.82,0.73,0.92,5.08E-04,---------+......-.,1.97E-02
8,rs798000,1:117280696:C:T,1,"117,280,696",Multi,combined,0.867,0.678,0.91,0.89,0.94,4.18E-13,-------+-----+-----------------+-----,2.36E-01,0.9,0.87,0.93,3.96E-12,-------+-----+-----------,3.34E-01,0.95,0.9,0.99,2.64E-02,------+-,1.32E-01,0.97,0.8,1.17,0.7625,--,7.94E-01,0.92,0.79,1.08,3.11E-01,0.77,0.56,1.07,1.17E-01,0.9,0.87,0.92,3.55E-15,---------------------+-------+------,3.79E-01,0.89,0.86,0.92,4.29E-13,---------------------+--,5.89E-01,0.93,0.88,0.98,6.66E-03,-----+--,1.08E-01,0.99,0.93,1.06,8.47E-01,-+--+-+-+--++-+++-,4.73E-01
9,rs12126142,1:154425456:G:A,1,"154,425,456",Multi,combined,0.321,0.360,0.94,0.92,0.96,1.71E-09,--------++-+--------------------+---+,7.44E-01,0.94,0.91,0.96,5.39E-07,--------++-+-------------,5.55E-01,0.94,0.91,0.97,2.67E-04,--------,8.72E-01,0.88,0.68,1.12,0.2982,--,5.49E-01,1.03,0.9,1.19,6.74E-01,1.1,0.89,1.37,3.71E-01,0.94,0.92,0.96,9.29E-08,+----+--------+-----------.---++-+--,5.56E-01,0.93,0.91,0.96,2.66E-06,+----+--------+---------,3.33E-01,0.94,0.9,0.98,3.04E-03,--.---+-,8.87E-01,0.95,0.9,1,3.80E-02,----+-+---+---+-++,7.99E-01
10,rs2317231,1:157686337:G:T,1,"157,686,337",Multi,combined,0.424,0.467,1.08,1.06,1.1,5.95E-13,++---++++++++++++-+++-.++++++++++--++,6.08E-01,1.07,1.04,1.1,1.55E-06,++---++++++++++++-+++-.++,4.26E-01,1.09,1.06,1.13,1.07E-07,+++++++-,6.02E-01,1,0.85,1.18,0.998,-+,5.17E-01,1.13,0.96,1.33,1.41E-01,1.12,0.9,1.39,3.27E-01,1.08,1.06,1.1,1.94E-11,+--+++-.++++-+++++-+++++++++-+-++++-,5.18E-01,1.07,1.04,1.1,3.16E-06,+--+++-.++++-+++++-+++++,4.37E-01,1.09,1.05,1.13,3.68E-06,++++-+-+,3.68E-01,1.07,1.02,1.13,1.05E-02,---+--.++-++++++++,7.50E-01
11,rs10917571,1:161519411:C:A,1,"161,519,411",Multi,combined,0.365,0.424,0.91,0.89,0.94,1.68E-12,+-----+----+-+--++----+---.-+.---+--+,6.78E-02,0.92,0.89,0.95,8.10E-07,+-----+----+-+--++----+--,1.30E-02,0.9,0.86,0.94,4.14E-07,-.-+.--+,8.37E-01,0.9,0.71,1.13,0.3543,--,5.28E-01,0.93,0.82,1.06,2.76E-01,1.1,0.82,1.49,5.30E-01,0.92,0.9,0.95,4.94E-08,+---++-+---------++--+---..+--+-.+--,5.95E-02,0.93,0.89,0.96,1.82E-05,+---++-+---------++--+--,1.56E-02,0.92,0.87,0.97,2.28E-03,-..+--+.,5.27E-01,0.95,0.89,1.01,1.21E-01,---+---+-+--+---++,8.57E-01
12,rs6681482,1:173306646:G:A,1,"173,306,646",Multi,combined,0.108,0.252,0.91,0.89,0.94,4.10E-12,------+++--+----------.-+---+--+-----,1.76E-01,0.92,0.89,0.95,2.43E-08,------+++--+----------.-+,1.07E-01,0.89,0.84,0.95,2.71E-04,---+--+-,4.75E-01,0.75,0.59,0.95,0.01755,--,3.15E-01,0.91,0.75,1.11,3.47E-01,0.91,0.72,1.16,4.54E-01,0.91,0.88,0.93,1.25E-11,----+--.-+------+---------.+-+------,9.47E-02,0.91,0.88,0.94,2.61E-09,----+--.-+------+-------,5.45E-02,0.91,0.84,0.98,1.86E-02,--.+-+--,3.17E-01,0.97,0.91,1.04,3.84E-01,--+-++.-+----+----,2.19E-01
13,rs12145329,1:186604505:T:C,1,"186,604,505",Multi,seroposi,0.139,0.186,0.93,0.91,0.96,3.04E-07,++----.----+------+-+-.---+-+-+----+-,6.49E-01,0.93,0.9,0.96,7.03E-05,++----.----+------+-+-.--,3.42E-01,0.94,0.89,0.98,3.51E-03,-+-+-+--,6.61E-01,0.89,0.56,1.44,0.6452,-+,4.54E-01,0.86,0.7,1.06,1.54E-01,0.9,0.64,1.29,5.77E-01,0.92,0.89,0.95,3.49E-08,---+.++.-+-+-------+-------++-----+-,4.48E-01,0.92,0.88,0.96,2.17E-05,---+.++.-+-+-------+----,4.44E-01,0.92,0.88,0.97,1.31E-03,---++---,1.36E-01,0.97,0.91,1.04,4.37E-01,--+.-+.---+-+-+-++,7.35E-01
14,rs28398409,1:198584022:A:G,1,"198,584,022",Multi,combined,0.140,0.065,0.91,0.88,0.94,7.82E-09,++----+----+---+++--+----------------,7.49E-01,0.92,0.87,0.97,2.62E-03,++----+----+---+++--+----,6.99E-01,0.91,0.87,0.95,1.82E-05,--------,9.60E-01,0.5,0.25,0.99,0.04574,--,2.56E-01,0.76,0.63,0.92,5.67E-03,0.81,0.53,1.22,3.15E-01,0.91,0.88,0.95,6.14E-06,+---+++-+--+-----++----+--.---------,7.00E-01,0.94,0.89,1,4.90E-02,+---+++-+--+-----++----+,6.60E-01,0.9,0.85,0.95,1.69E-04,--.-----,7.49E-01,0.89,0.82,0.97,9.99E-03,+-----------+---+-,6.09E-01
15,rs1188620266,1:235800357:CAA:C,1,"235,800,357",Multi,combined,0.829,0.612,0.91,0.88,0.94,2.06E-08,+-----.------.......--.--.........++-,3.82E-01,0.91,0.88,0.94,3.75E-09,+-----.------.......--.--,5.61E-01,NA,NA,NA,NA,NA,NA,1.14,0.94,1.38,0.17,++,8.48E-01,NA,NA,NA,NA,0.93,0.76,1.16,5.32E-01,0.92,0.89,0.95,3.62E-06,+---.--.--+------................-++,1.30E-01,0.91,0.88,0.95,7.21E-07,+---.--.--+------.......,2.24E-01,NA,NA,NA,NA,NA,NA,0.89,0.82,0.96,2.04E-03,+--.--.---......-+,1.50E-01
16,rs10175798,2:30449594:G:A,2,"30,449,594",Multi,combined,0.353,0.620,1.08,1.06,1.1,3.32E-13,++++--++++++-+++++++++-+++++++-++++++,1.37E-01,1.08,1.05,1.11,1.45E-08,++++--++++++-+++++++++-++,8.94E-02,1.08,1.04,1.12,1.73E-05,+++++-++,1.92E-01,1.14,0.95,1.36,0.1537,++,2.81E-01,1.07,0.93,1.22,3.77E-01,1.04,0.83,1.3,7.33E-01,1.08,1.06,1.11,1.68E-10,++-++++---+++-++++++++++++.+-++++-++,1.32E-02,1.08,1.05,1.11,2.58E-07,++-++++---+++-++++++++++,3.08E-02,1.08,1.04,1.13,5.07E-04,++.+-+++,1.48E-02,1.05,1,1.11,5.81E-02,++++-++-++++++++++,6.21E-01
17,rs55963299,2:61097583:A:G,2,"61,097,583",Multi,combined,0.015,0.362,1.1,1.08,1.13,6.90E-15,-+++++++-++++++++++++++++.+.....-.+++,7.18E-02,1.11,1.08,1.13,9.33E-15,-+++++++-++++++++++++++++,3.16E-02,1.32,0.69,2.5,4.02E-01,.+......,1.00E+00,1.21,0.9,1.63,0.2072,++,4.88E-01,0.93,0.65,1.32,6.83E-01,1.03,0.81,1.3,8.15E-01,1.12,1.09,1.16,2.86E-17,-+++++++++++++++++++++++.-.....-.+++,9.13E-02,1.13,1.09,1.16,3.71E-17,-+++++++++++++++++++++++,4.49E-02,0.83,0.35,2.01,6.86E-01,.-......,1.00E+00,1.03,0.97,1.1,3.60E-01,+---++--+-.....---,4.62E-01
18,rs74313386,2:65598906:G:GA,2,"65,598,906",Multi,combined,0.752,0.338,0.91,0.89,0.93,4.78E-18,-----------+----------------------+++,3.21E-01,0.91,0.88,0.93,2.99E-13,-----------+-------------,4.74E-01,0.9,0.87,0.94,2.13E-06,--------,6.34E-01,1.16,0.9,1.5,0.2536,++,8.34E-01,0.86,0.76,0.97,1.56E-02,1.19,0.96,1.48,1.17E-01,0.89,0.87,0.92,7.77E-19,-----+--------------------.------+++,5.87E-01,0.89,0.87,0.92,3.15E-14,-----+------------------,8.64E-01,0.87,0.83,0.92,9.55E-07,--.-----,6.01E-01,0.98,0.93,1.03,4.25E-01,++--++-+----+++-++,6.70E-01
19,rs143259280,2:70209168:TATCCATCC:T,2,"70,209,168",Multi,seroposi,0.463,0.320,1.08,1.05,1.11,3.20E-07,++++-++++++-+++++-+--+.-+.........-++,3.87E-01,1.07,1.04,1.1,1.42E-06,++++-++++++-+++++-+--+.-+,4.29E-01,NA,NA,NA,NA,NA,NA,1.2,0.94,1.52,0.1442,-+,1.92E-01,NA,NA,NA,NA,1.26,0.97,1.64,8.72E-02,1.09,1.06,1.12,2.13E-08,++--+-+.++-+++++++-+-+++.........++-,1.33E-01,1.09,1.05,1.12,1.09E-07,++--+-+.++-+++++++-+-+++,1.56E-01,NA,NA,NA,NA,NA,NA,1.04,0.97,1.11,3.16E-01,--++++.-+-......++,7.24E-01
20,rs28421442,2:74219615:T:A,2,"74,219,615",Multi,combined,0.157,0.015,0.88,0.84,0.91,1.45E-10,+---------+--.-+-----+.+-----+---+--+,8.11E-01,0.88,0.79,0.97,1.19E-02,+---------+--.-+-----+.+-,7.27E-01,0.88,0.84,0.92,1.59E-08,----+--+,4.60E-01,0.88,0.74,1.05,0.1488,--,6.41E-01,0.83,0.64,1.08,1.68E-01,1.35,0.73,2.47,3.39E-01,0.88,0.84,0.93,8.07E-07,+-+---+.-------+-----.-+--.---+-++--,9.09E-01,0.84,0.75,0.94,3.11E-03,+-+---+.-------+-----.-+,8.65E-01,0.9,0.84,0.95,2.41E-04,--.---++,5.87E-01,0.82,0.73,0.91,3.07E-04,+-+-++.--+----+-+-,3.57E-01
21,rs12712065,2:100761105:C:G,2,"100,761,105",Multi,combined,0.553,0.509,0.9,0.89,0.92,7.58E-25,---+-------+----+-----+--------------,1.23E-01,0.91,0.89,0.93,1.06E-13,---+-------+----+-----+--,6.92E-01,0.9,0.88,0.93,1.01E-09,--------,5.20E-03,0.86,0.72,1.04,0.1271,--,6.93E-01,0.79,0.7,0.89,1.39E-04,0.86,0.7,1.05,1.47E-01,0.89,0.87,0.91,4.73E-26,-----+-----+-----+--------.---------,1.73E-01,0.9,0.87,0.92,6.03E-15,-----+-----+-----+------,7.80E-01,0.88,0.84,0.92,1.83E-09,--.-----,6.00E-03,0.97,0.93,1.02,2.99E-01,+-+-+-++++-+++---+,5.08E-01
22,rs13396472,2:111605238:A:C,2,"111,605,238",Multi,combined,0.167,0.186,0.92,0.9,0.95,1.28E-08,------.-----+.......---+--------.---+,2.74E-01,0.92,0.88,0.95,1.01E-05,------.-----+.......---+-,1.56E-01,0.93,0.89,0.97,6.18E-04,--------,4.02E-01,0.83,0.67,1.03,0.09003,--,6.32E-01,NA,NA,NA,NA,1.05,0.78,1.41,7.50E-01,0.93,0.9,0.96,7.58E-06,-+--.---+--+-----.......--.----.----,3.50E-01,0.92,0.88,0.96,2.27E-04,-+--.---+--+-----.......,1.21E-01,0.94,0.89,0.99,1.89E-02,--.-----,5.47E-01,0.9,0.84,0.97,3.33E-03,-+-.-----+----+.+-,1.68E-01
23,rs11889341,2:191943742:C:T,2,"191,943,742",Multi,combined,0.341,0.229,1.14,1.11,1.16,2.25E-31,++++++++-++-++-+++++++++++++-++++--++,1.19E-01,1.13,1.1,1.16,9.90E-17,++++++++-++-++-++++++++++,5.45E-01,1.14,1.1,1.18,2.68E-13,+++-+++-,4.89E-02,1.13,0.88,1.44,0.3441,-+,1.84E-02,1.3,1.14,1.48,1.07E-04,1.15,0.91,1.45,2.37E-01,1.15,1.12,1.18,2.38E-26,++++++++++++++++++++++-+++.-++-++++-,5.08E-02,1.13,1.1,1.17,6.46E-15,++++++++++++++++++++++-+,6.36E-01,1.15,1.1,1.2,1.59E-09,++.-++-+,2.47E-02,1.08,1.02,1.14,1.04E-02,-+++-+++--++-+-+++,2.64E-01
24,rs10497813,2:198914072:G:T,2,"198,914,072",Multi,combined,0.222,0.551,1.06,1.04,1.09,7.65E-09,++++++-++++++-++-++-++-++++-+++++-+++,1.42E-01,1.07,1.04,1.09,2.03E-06,++++++-++++++-++-++-++-++,8.65E-01,1.04,1.01,1.08,1.61E-02,++-++++-,3.92E-03,1.19,1.01,1.41,0.04257,++,3.20E-01,1.11,0.94,1.32,2.16E-01,1.31,1.06,1.63,1.43E-02,1.08,1.06,1.11,2.10E-10,++++-++-+++++++++-++--++++.+++-+++++,4.73E-01,1.08,1.05,1.11,1.29E-07,++++-++-+++++++++-++--++,7.66E-01,1.06,1.02,1.11,7.95E-03,++.+++-+,5.79E-02,1.05,0.99,1.1,8.52E-02,+++-+--++-+-++++++,2.46E-03
25,rs2141331,2:202151492:C:T,2,"202,151,492",Multi,combined,0.008,0.100,1.13,1.09,1.18,1.67E-09,+++++++-++++-+--+++++++-+++-.-..+-++-,6.93E-02,1.13,1.08,1.17,1.66E-08,+++++++-++++-+--+++++++-+,3.90E-02,1.37,0.62,3.01,4.37E-01,++-.-..-,2.70E-01,1.2,0.99,1.46,0.06353,++,7.40E-01,1.44,0.97,2.12,6.91E-02,0.96,0.68,1.35,8.09E-01,1.15,1.1,1.2,1.35E-10,+++++++++-+-++++++++++--.......+--++,5.73E-01,1.15,1.1,1.21,3.74E-10,+++++++++-+-++++++++++--,5.80E-01,0.06,0,1.92,1.10E-01,.......-,1.00E+00,1.02,0.92,1.12,7.12E-01,+++-+++--+.....+++,2.53E-01
26,rs3087243,2:204738919:G:A,2,"204,738,919",Multi,combined,0.263,0.470,0.89,0.87,0.91,9.53E-30,+-------+-------------+----------+---,1.89E-01,0.89,0.86,0.91,2.72E-21,+-------+-------------+--,5.65E-02,0.9,0.86,0.93,1.45E-08,-------+,7.38E-01,0.76,0.63,0.93,0.008354,--,8.70E-01,0.91,0.8,1.03,1.31E-01,0.95,0.78,1.16,6.22E-01,0.88,0.86,0.9,4.44E-28,+------+------------------.---+-----,1.13E-01,0.87,0.85,0.89,6.80E-24,+------+----------------,1.13E-01,0.91,0.87,0.95,1.24E-04,--.---+-,2.56E-01,0.98,0.93,1.03,3.39E-01,---+-+++++-+----+-,7.00E-01
27,rs77574423,3:11984744:G:A,3,"11,984,744",EUR,combined,0.562,0.720,1.09,1.06,1.13,5.02E-08,++++++.+-+++++++.-+++++++.+..-....+--,9.61E-01,1.1,1.07,1.14,1.35E-08,++++++.+-+++++++.-+++++++,9.65E-01,1.02,0.91,1.15,7.63E-01,.+..-...,5.25E-01,1.04,0.88,1.22,0.6803,+-,4.12E-01,NA,NA,NA,NA,0.97,0.76,1.25,8.29E-01,1.11,1.07,1.15,1.24E-08,++++.++++++++++++.-+++++.+......-+++,9.76E-01,1.12,1.08,1.16,2.09E-09,++++.++++++++++++.-+++++,9.82E-01,0.99,0.87,1.13,8.69E-01,.+.....-,8.27E-01,1.02,0.95,1.1,5.19E-01,+++.+++-+-......--,1.59E-01
28,rs5019428,3:17046866:G:A,3,"17,046,866",Multi,combined,0.628,0.523,1.09,1.07,1.11,1.34E-16,+++++++++++++-++-+++-+-++++++++++-+++,2.42E-01,1.1,1.07,1.13,4.60E-12,+++++++++++++-++-+++-+-++,1.06E-01,1.08,1.04,1.11,1.73E-05,+++++++-,8.18E-01,1.27,1.06,1.52,0.008619,++,7.42E-01,1.02,0.86,1.2,8.55E-01,1.02,0.83,1.25,8.60E-01,1.09,1.07,1.12,4.25E-13,+++-+++--++++++++-+++-++++.-++++++++,2.42E-01,1.1,1.07,1.13,4.83E-10,+++-+++--++++++++-+++-++,1.20E-01,1.07,1.03,1.12,1.43E-03,++.-++++,7.12E-01,1.08,1.02,1.13,4.68E-03,--+-++-++++++++--+,3.37E-01
29,rs9880772,3:27777779:G:A,3,"27,777,779",Multi,combined,0.792,0.465,1.07,1.05,1.09,8.95E-10,++-+++-+-++-+++++++++++-++-++++++++--,6.47E-02,1.08,1.06,1.11,1.21E-09,++-+++-+-++-+++++++++++-+,6.61E-02,1.05,1.01,1.1,1.87E-02,+-++++++,8.27E-01,0.96,0.79,1.18,0.7176,+-,6.26E-01,1.06,0.91,1.23,4.37E-01,0.78,0.63,0.97,2.57E-02,1.08,1.06,1.11,2.73E-10,++++++++++++-++++++++++++-.+-+-++--+,4.98E-02,1.1,1.07,1.13,1.50E-10,++++++++++++-+++++++++++,8.28E-02,1.05,0.99,1.11,9.07E-02,+-.+-+-+,5.47E-01,0.98,0.93,1.03,4.33E-01,+-+--+--+-+--++---,2.90E-01
30,rs62264113,3:127292333:G:A,3,"127,292,333",Multi,combined,0.273,0.083,0.92,0.89,0.95,4.66E-08,------.-++-+-.......-+.---------.----,6.52E-01,0.92,0.88,0.97,1.76E-03,------.-++-+-.......-+.--,5.22E-01,0.92,0.88,0.96,2.15E-05,--------,6.75E-01,0.58,0.35,0.98,0.04008,--,8.99E-01,NA,NA,NA,NA,0.77,0.51,1.16,2.15E-01,0.91,0.88,0.94,8.36E-07,-+--.++.------+--.......--.----.----,3.68E-01,0.92,0.86,0.97,2.95E-03,-+--.++.------+--.......,2.78E-01,0.91,0.87,0.96,2.58E-04,--.-----,5.25E-01,1,0.92,1.07,9.05E-01,+-+.++.---+++--.--,6.00E-01
31,rs9826420,3:136317506:G:C,3,"136,317,506",Multi,combined,0.000,0.023,1.38,1.24,1.53,3.04E-09,++++++.++++-++++..++++.-+.......-.+-+,7.48E-01,1.38,1.24,1.54,2.16E-09,++++++.++++-++++..++++.-+,8.76E-01,NA,NA,NA,NA,NA,NA,0.61,0.08,4.68,0.6381,+-,3.46E-01,0.36,0.1,1.35,1.31E-01,2,0.76,5.27,1.60E-01,1.4,1.25,1.57,1.64E-08,++++.-+.++-++++++..+++++.........+..,7.33E-01,1.39,1.24,1.56,4.04E-08,++++.-+.++-++++++..+++++,7.51E-01,NA,NA,NA,NA,NA,NA,1.42,1.12,1.8,3.78E-03,+-+.++.+--......-.,2.34E-01
32,rs4687070,3:189306650:A:T,3,"189,306,650",Multi,combined,0.022,0.070,1.15,1.09,1.2,6.07E-09,+--+++.+-+++++--++++--.-++++++-+.++-+,3.79E-01,1.14,1.08,1.21,3.13E-06,+--+++.+-+++++--++++--.-+,1.32E-01,1.16,1.06,1.26,9.83E-04,+++++-++,6.77E-01,1.01,0.67,1.53,0.9671,+-,8.56E-01,NA,NA,NA,NA,1.19,0.92,1.55,1.87E-01,1.16,1.1,1.22,3.96E-08,+++-.+-.++---+++++++++--++.+-++.++-+,6.16E-01,1.17,1.1,1.24,1.07E-06,+++-.+-.++---+++++++++--,3.59E-01,1.12,1,1.26,4.47E-02,++.+-+++,7.62E-01,1.07,0.96,1.2,2.19E-01,++-.--.+-+++--+.-+,3.75E-01
33,rs4690029,4:2722815:T:C,4,"2,722,815",Multi,combined,0.404,0.407,0.94,0.92,0.96,2.83E-09,+---+---+--+-------++-.+----+---+++--,4.75E-03,0.95,0.93,0.98,3.16E-04,+---+---+--+-------++-.+-,1.29E-01,0.93,0.9,0.96,4.68E-06,---+---+,1.98E-02,0.85,0.73,1,0.05315,+-,1.70E-02,1.02,0.89,1.18,7.47E-01,0.78,0.63,0.97,2.65E-02,0.93,0.91,0.95,2.44E-10,+--+-+-.--+---------+-----.+-------+,8.04E-03,0.94,0.91,0.97,1.61E-05,+--+-+-.--+---------+---,2.46E-01,0.92,0.88,0.96,6.41E-05,--.+----,4.10E-02,0.95,0.9,1,3.47E-02,+++-+-.--+---+-++-,1.33E-02
34,rs6831973,4:10709366:T:C,4,"10,709,366",Multi,combined,0.558,0.563,1.09,1.07,1.11,5.38E-14,++++++.-+++++.......++.+++++-+++.+-++,2.26E-01,1.09,1.05,1.12,1.17E-07,++++++.-+++++.......++.++,4.56E-02,1.09,1.06,1.13,5.67E-08,+++-++++,8.61E-01,0.97,0.8,1.17,0.7319,-+,3.55E-01,NA,NA,NA,NA,1.08,0.88,1.34,4.56E-01,1.09,1.06,1.12,2.16E-10,-+++.+-.+++++++++.......+-.-+++.+++-,2.14E-01,1.09,1.05,1.13,8.50E-07,-+++.+-.+++++++++.......,5.39E-02,1.09,1.05,1.14,5.16E-05,+-.-++++,7.74E-01,1.06,1.01,1.12,2.31E-02,+--.++.+-++++++.+-,3.82E-01
35,rs575378713,4:26117568:T:TA,4,"26,117,568",Multi,combined,0.017,0.310,1.14,1.11,1.18,6.15E-21,-+++++++++++++++++++-++++.........-..,9.25E-01,1.15,1.12,1.18,1.32E-21,-+++++++++++++++++++-++++,9.84E-01,NA,NA,NA,NA,NA,NA,0.88,0.68,1.14,0.3348,-.,1.00E+00,NA,NA,NA,NA,NA,NA,NA,NA,1.16,1.13,1.2,5.91E-22,++++++++++++++++++++++++...........-,9.66E-01,1.16,1.13,1.2,1.65E-22,++++++++++++++++++++++++,9.91E-01,NA,NA,NA,NA,NA,NA,1,0.93,1.08,9.73E-01,------+-+-........,7.46E-01
36,rs2664035,4:48220839:G:A,4,"48,220,839",Multi,combined,0.383,0.386,1.07,1.05,1.09,1.92E-11,++-++++-++++++++-++++++++++++++++-++-,1.36E-01,1.08,1.06,1.11,3.85E-10,++-++++-++++++++-++++++++,1.67E-01,1.04,1.01,1.08,1.59E-02,+++++++-,2.35E-01,1.1,0.95,1.29,0.2119,++,2.80E-01,1.11,0.98,1.27,9.77E-02,0.96,0.78,1.19,7.01E-01,1.08,1.05,1.1,1.46E-10,+++++++++-++-++++-++++++++.++++++-++,3.35E-01,1.09,1.06,1.12,2.63E-09,+++++++++-++-++++-++++++,3.26E-01,1.05,1.01,1.1,2.64E-02,++.+++++,2.36E-01,1.05,1,1.11,5.45E-02,-+++++-+---+++++-+,6.23E-01
37,rs138066321,4:80952409:GGTGTGTGCATGCACACACAT:G,4,"80,952,409",Multi,combined,0.383,0.448,0.93,0.91,0.95,4.48E-10,-+----+-----++--++-+++------+---.----,1.90E-01,0.93,0.91,0.96,2.00E-06,-+----+-----++--++-+++---,1.16E-01,0.93,0.9,0.97,3.22E-04,---+----,7.20E-01,0.94,0.74,1.2,0.6442,--,8.04E-01,NA,NA,NA,NA,0.72,0.57,0.9,4.11E-03,0.93,0.91,0.96,5.69E-07,---++---+--+-----++-++----.++--.----,8.42E-02,0.93,0.9,0.96,2.99E-05,---++---+--+-----++-++--,1.19E-01,0.95,0.9,0.99,2.96E-02,--.++---,2.42E-01,0.95,0.89,1,5.16E-02,-+++++---+--+-+.--,2.64E-01
38,rs58107865,4:109061618:G:C,4,"109,061,618",Multi,combined,0.212,0.012,0.84,0.8,0.88,4.92E-14,.....+...................-------.-...,9.31E-01,1.02,0.52,2.01,9.57E-01,.....+...................,1.00E+00,0.84,0.8,0.88,4.22E-14,--------,9.07E-01,NA,NA,NA,NA,NA,NA,NA,NA,NA,NA,NA,NA,NA,NA,0.85,0.8,0.9,7.65E-08,.............+..........--.---+.-...,8.88E-01,1.02,0.52,2.01,9.57E-01,.............+..........,1.00E+00,0.85,0.8,0.9,6.65E-08,--.---+-,8.46E-01,0.79,0.7,0.9,4.01E-04,..........-----...,4.59E-01
39,rs6814280,4:123043662:A:G,4,"123,043,662",Multi,seroposi,0.001,0.159,0.93,0.9,0.96,1.48E-05,---+---++--------+-----+-.-.++..-.--+,1.27E-01,0.93,0.9,0.96,2.33E-05,---+---++--------+-----+-,6.35E-02,1.01,0.43,2.38,9.79E-01,.-.++...,3.11E-01,0.92,0.77,1.1,0.3406,--,4.61E-01,0.84,0.61,1.14,2.59E-01,1.13,0.81,1.59,4.60E-01,0.9,0.87,0.93,2.21E-08,-+----------------+-----.......-++--,4.99E-01,0.9,0.86,0.93,3.94E-08,-+----------------+-----,4.52E-01,2.64,0.56,12.31,2.18E-01,.......+,1.00E+00,0.98,0.9,1.06,6.11E-01,--------++.....++-,5.85E-01
40,rs2918392,5:10704797:T:C,5,"10,704,797",Multi,combined,0.745,0.392,1.06,1.04,1.08,5.06E-09,++++++++++-+++++++++-++-++-+++-+-+++-,8.69E-02,1.08,1.05,1.11,1.23E-08,++++++++++-+++++++++-++-+,1.71E-01,1.04,1.01,1.08,1.65E-02,+-+++-++,6.13E-01,1.2,1.01,1.42,0.03694,++,6.72E-01,0.94,0.81,1.08,3.75E-01,0.83,0.67,1.03,9.07E-02,1.08,1.06,1.11,1.83E-11,+++-+-+++++++++-+++++++++-.+-++-+-++,1.41E-01,1.09,1.06,1.12,1.26E-09,+++-+-+++++++++-++++++++,2.63E-01,1.07,1.02,1.12,3.26E-03,+-.+-+++,1.58E-01,0.98,0.93,1.03,4.79E-01,++-+++--+--------+,3.55E-01
41,rs56787183,5:40499290:G:A,5,"40,499,290",Multi,combined,0.089,0.001,0.85,0.8,0.9,2.15E-09,.---..+..--..-....--.-..----+--------,6.89E-01,0.28,0.11,0.73,9.13E-03,.---..+..--..-....--.-..-,9.64E-01,0.86,0.81,0.9,2.97E-08,---+----,4.43E-01,0.6,0.36,0.98,0.04189,--,7.22E-01,0.87,0.67,1.12,2.82E-01,0.32,0.02,4.32,3.92E-01,0.86,0.8,0.92,2.11E-05,............-.---..---..--.+-----.--,8.54E-01,0.46,0.11,1.96,2.95E-01,............-.---..---..,8.80E-01,0.87,0.81,0.94,1.53E-04,--.+----,5.25E-01,0.96,0.84,1.11,6.18E-01,..........--++-+.-,2.23E-01
42,rs7731626,5:55444683:G:A,5,"55,444,683",Multi,combined,0.105,0.378,0.83,0.8,0.85,2.27E-44,----------------------.---.----------,1.84E-01,0.83,0.81,0.86,4.20E-33,----------------------.--,1.97E-01,0.8,0.75,0.85,2.74E-12,-.------,1.23E-01,0.87,0.7,1.06,0.1699,--,6.69E-01,0.83,0.67,1.02,7.93E-02,0.94,0.72,1.22,6.26E-01,0.83,0.81,0.86,3.65E-33,-------.-----------------..---------,2.30E-01,0.83,0.8,0.86,2.95E-27,-------.----------------,1.88E-01,0.82,0.75,0.89,3.32E-06,-..-----,9.47E-02,0.85,0.8,0.91,5.50E-06,---+--.-------+-+-,9.21E-01
43,rs187579,5:102604933:A:C,5,"102,604,933",Multi,combined,0.255,0.303,0.91,0.89,0.93,1.97E-12,-----------+++-----+-----.-..-..-.+--,2.20E-01,0.91,0.89,0.94,5.06E-11,-----------+++-----+-----,5.86E-01,0.84,0.74,0.95,5.70E-03,.-..-...,1.71E-01,0.84,0.66,1.07,0.1556,+-,3.57E-03,1,0.84,1.19,9.95E-01,0.96,0.76,1.22,7.46E-01,0.91,0.88,0.93,1.86E-11,-----+--------------++--.-.....+---+,5.98E-01,0.91,0.88,0.94,7.78E-10,-----+--------------++--,8.61E-01,0.83,0.73,0.95,7.49E-03,.-.....-,1.75E-01,0.93,0.87,0.99,2.41E-02,----+--+-+.....-+-,6.69E-02
44,rs12519914,5:133839534:C:T,5,"133,839,534",Multi,combined,0.514,0.150,1.08,1.06,1.11,2.41E-10,+-++-+.+-++++++-++++++++++++++-+.+++-,3.17E-01,1.08,1.04,1.12,3.66E-05,+-++-+.+-++++++-+++++++++,3.93E-01,1.08,1.04,1.11,5.93E-06,+++++-++,3.74E-01,1.23,1.05,1.44,0.01108,++,3.35E-01,NA,NA,NA,NA,0.89,0.69,1.15,3.77E-01,1.09,1.06,1.12,1.99E-09,++-+.++++++-+++++++++++-++.+-++.+-++,1.15E-01,1.09,1.05,1.14,1.77E-05,++-+.++++++-+++++++++++-,3.00E-01,1.09,1.04,1.13,8.71E-05,++.+-+++,2.05E-01,1.05,0.99,1.12,1.29E-01,+--.++++-++-+-+.++,7.75E-01
45,rs244468,5:142604421:A:G,5,"142,604,421",Multi,combined,0.794,0.514,1.07,1.05,1.1,8.19E-09,++++++-+++-+++++++-+-+++++++-+++.++++,4.91E-01,1.08,1.05,1.11,2.73E-07,++++++-+++-+++++++-+-++++,1.19E-01,1.05,1.01,1.1,2.58E-02,+++-++++,1.00E+00,1.1,0.92,1.32,0.2788,++,8.33E-01,NA,NA,NA,NA,1.19,0.95,1.49,1.23E-01,1.08,1.05,1.11,2.80E-08,+++--++++++++++-+++-++++++.+++-.++++,3.81E-01,1.08,1.05,1.11,1.62E-06,+++--++++++++++-+++-++++,7.38E-02,1.08,1.02,1.14,1.10E-02,++.+++-+,9.77E-01,1.07,1.01,1.14,1.96E-02,-+---++-+----+-.++,7.54E-02
46,rs1422673,5:150438988:C:T,5,"150,438,988",EUR,seroposi,0.498,0.195,1.04,1.02,1.06,1.80E-04,++++-+-++++-+++++++++++-++++---++---+,8.29E-02,1.08,1.04,1.11,2.49E-06,++++-+-++++-+++++++++++-+,3.20E-01,1.01,0.98,1.04,6.06E-01,+++---+-,1.52E-01,0.92,0.79,1.08,0.3246,--,5.72E-01,1.07,0.94,1.22,2.92E-01,1.03,0.82,1.29,7.79E-01,1.06,1.03,1.08,1.23E-05,++-+--+++-++++++++++++++++.--+-+-+-+,9.31E-02,1.1,1.06,1.14,1.56E-08,++-+--+++-++++++++++++++,6.51E-01,1,0.96,1.04,9.79E-01,++.--+--,1.01E-01,0.96,0.91,1.01,1.28E-01,--+----+++---++++-,5.64E-01
47,rs6930468,6:426268:A:G,6,"426,268",Multi,combined,0.345,0.650,1.07,1.05,1.09,6.57E-11,-++++++++-+++-+-+++++-++++-+++++-++-+,8.26E-01,1.07,1.05,1.1,2.25E-07,-++++++++-+++-+-+++++-+++,7.51E-01,1.07,1.04,1.11,3.14E-05,+-++++++,6.29E-01,1.01,0.86,1.19,0.8674,+-,8.57E-01,0.97,0.85,1.1,5.87E-01,1.18,0.93,1.48,1.67E-01,1.07,1.05,1.1,3.07E-09,++++-+-++-++++-++++++-+-+-.+++++++++,2.18E-01,1.07,1.04,1.11,2.44E-06,++++-+-++-++++-++++++-+-,2.96E-01,1.08,1.03,1.13,5.17E-04,+-.+++++,3.66E-02,1.03,0.97,1.08,3.22E-01,--++-++-+++++-+-++,6.76E-01
48,rs12530098,6:14107197:C:T,6,"14,107,197",Multi,combined,0.195,0.065,1.12,1.08,1.16,2.57E-09,++++++.---+-+.......+-++++++++++.-++-,3.88E-01,1.07,1,1.14,5.81E-02,++++++.---+-+.......+-+++,3.77E-01,1.14,1.09,1.19,4.85E-09,+++++++-,5.05E-01,1.42,0.9,2.24,0.1311,++,6.79E-01,NA,NA,NA,NA,0.91,0.6,1.37,6.47E-01,1.14,1.1,1.2,1.75E-09,++++.--+++++++-++.......++.+++-.++++,7.16E-01,1.1,1.02,1.18,1.03E-02,++++.--+++++++-++.......,4.65E-01,1.17,1.11,1.24,3.13E-08,++.+++-+,7.79E-01,1.08,0.98,1.18,1.05E-01,+--.-++--+++-++.-+,6.99E-01
49,rs113532504,6:15195682:C:T,6,"15,195,682",Multi,combined,0.060,0.100,1.1,1.07,1.14,3.42E-08,-+++++++++++++++++++-+.++++--+++.++++,6.14E-01,1.13,1.08,1.18,1.61E-08,-+++++++++++++++++++-+.++,7.54E-01,1.03,0.96,1.1,3.93E-01,++--++++,5.55E-01,1.08,0.91,1.29,0.3704,++,5.93E-01,NA,NA,NA,NA,1.4,1,1.96,5.06E-02,1.12,1.08,1.17,1.80E-08,-++-+++.++++++++++++++++++.-++++++++,8.17E-01,1.13,1.08,1.19,1.40E-07,-++-+++.++++++++++++++++,8.70E-01,1.06,0.97,1.16,1.69E-01,++.-++++,2.50E-01,1.08,0.98,1.17,1.08E-01,----++.+++--++--++,1.14E-01
50,rs67318457,6:23925021:A:C,6,"23,925,021",Multi,seroposi,0.139,0.265,1.07,1.04,1.09,3.63E-07,+++-++-+++++-+-++++--++++++++------++,1.91E-01,1.07,1.04,1.11,1.38E-06,+++-++-+++++-+-++++--++++,1.64E-01,1.04,0.99,1.09,8.16E-02,++++----,6.17E-01,1.12,0.94,1.32,0.2115,-+,7.71E-02,0.84,0.63,1.13,2.49E-01,1.16,0.82,1.64,4.04E-01,1.08,1.05,1.11,1.10E-08,+-+++-++++++++++++++-+-+++.++-+--++-,3.86E-01,1.09,1.05,1.12,2.11E-07,+-+++-++++++++++++++-+-+,5.67E-01,1.07,1.01,1.14,2.61E-02,++.++-+-,2.50E-01,1,0.94,1.07,9.67E-01,-+--+++-++----+-++,3.98E-01
51,rs11420145,6:36381936:G:GA,6,"36,381,936",Multi,combined,0.797,0.779,1.08,1.05,1.1,1.66E-09,+++++++-+++++++++++++-.+++++++++-+-++,3.13E-01,1.09,1.05,1.12,1.64E-07,+++++++-+++++++++++++-.++,4.80E-01,1.08,1.03,1.12,3.30E-04,++++++++,1.27E-01,0.97,0.81,1.17,0.784,-+,7.55E-01,0.96,0.83,1.1,5.23E-01,1.02,0.79,1.33,8.53E-01,1.09,1.06,1.12,2.62E-09,++++++-.+-++++++++++++++++.+-+++++--,1.97E-01,1.1,1.06,1.13,1.01E-07,++++++-.+-++++++++++++++,3.78E-01,1.09,1.03,1.14,1.50E-03,++.+-+++,6.48E-02,1,0.94,1.06,9.28E-01,-+---+.--+++-+---+,7.74E-01
52,rs28362855,6:44234621:G:T,6,"44,234,621",Multi,combined,0.166,0.050,1.21,1.16,1.25,5.51E-26,++++++.-+++++.......++--++++++++.+++-,2.97E-01,1.22,1.13,1.32,8.35E-07,++++++.-+++++.......++--+,8.94E-02,1.2,1.16,1.25,1.62E-20,++++++++,8.25E-01,3.2,0.93,10.98,0.06391,++,9.52E-01,NA,NA,NA,NA,0.96,0.4,2.3,9.26E-01,1.25,1.2,1.31,6.62E-24,++++.++-++-++++++.......++.++++.++..,8.37E-01,1.28,1.17,1.4,1.33E-07,++++.++-++-++++++.......,5.67E-01,1.24,1.18,1.31,8.65E-18,++.+++++,8.42E-01,0.97,0.89,1.07,5.97E-01,+++.+--+-+----+...,1.29E-02
53,rs72928038,6:90976768:G:A,6,"90,976,768",Multi,combined,0.004,0.180,1.11,1.07,1.15,1.28E-08,-+-++--++++++++-+-+++++++++.....-.-+-,2.62E-01,1.11,1.07,1.15,6.28E-09,-+-++--++++++++-+-+++++++,2.57E-01,2.75,0.77,9.89,1.21E-01,++......,8.69E-01,1.18,0.62,2.24,0.6161,-+,2.69E-01,0.93,0.64,1.36,7.11E-01,0.82,0.56,1.2,3.18E-01,1.1,1.06,1.14,1.34E-06,-+-+-+++++++--++++-++++-.......-.-+-,2.93E-01,1.1,1.06,1.15,8.35E-07,-+-+-+++++++--++++-++++-,2.19E-01,NA,NA,NA,NA,NA,NA,1.13,1.03,1.24,9.33E-03,-+-+++++++.....--+,7.36E-01
54,rs3804333,6:106727215:C:T,6,"106,727,215",Multi,combined,0.032,0.191,1.11,1.08,1.15,2.92E-13,++++++++++++++++++-+++++++-++--++++++,5.58E-01,1.1,1.06,1.13,2.34E-08,++++++++++++++++++-++++++,9.56E-01,1.15,1.08,1.24,2.68E-05,+-++--++,3.28E-01,1.07,0.78,1.47,0.6765,++,9.43E-01,1.52,1.14,2.04,4.75E-03,1.86,1.24,2.8,2.98E-03,1.14,1.1,1.17,7.03E-15,+++++++++++++++++++-++++++.+++++-+++,2.77E-01,1.11,1.07,1.15,4.43E-09,+++++++++++++++++++-++++,8.15E-01,1.24,1.14,1.35,7.84E-07,++.++++-,5.04E-01,1.02,0.94,1.09,6.71E-01,-+++--+++---+--++-,4.56E-01
55,rs35926684,6:137999562:GA:G,6,"137,999,562",Multi,combined,0.004,0.185,1.19,1.15,1.22,1.65E-32,+++++++++++++-+++-++-+++++-++.-++.+-+,1.94E-01,1.19,1.15,1.22,1.19E-31,+++++++++++++-+++-++-++++,3.17E-01,2.18,1.1,4.32,2.53E-02,+-++.-+.,3.10E-01,0.97,0.76,1.23,0.7913,+-,2.45E-01,1.14,0.88,1.48,3.34E-01,1.36,1.03,1.8,2.97E-02,1.21,1.17,1.25,6.54E-34,+++-++++++++++++++-++-++.......+.+-+,2.07E-02,1.21,1.18,1.25,1.41E-33,+++-++++++++++++++-++-++,5.94E-02,NA,NA,NA,NA,NA,NA,1.09,1.01,1.17,2.07E-02,++-+-+-++-.....+-+,5.47E-01
56,rs2485362,6:159503086:A:G,6,"159,503,086",Multi,combined,0.936,0.649,1.1,1.07,1.13,1.18E-13,-++-+++++++-+++++-+++++++++++++----++,5.53E-01,1.1,1.07,1.13,2.89E-12,-++-+++++++-+++++-+++++++,6.64E-01,1.14,1.02,1.27,2.14E-02,++++++--,2.49E-01,1.13,0.85,1.5,0.4001,-+,8.54E-02,0.99,0.81,1.22,9.44E-01,1.18,0.93,1.48,1.66E-01,1.12,1.09,1.15,5.75E-15,--++++++++++++++++-+++++++.++--++++-,7.25E-01,1.12,1.08,1.15,1.30E-13,--++++++++++++++++-+++++,5.16E-01,1.11,0.97,1.28,1.21E-01,++.++--+,6.91E-01,1.02,0.95,1.08,6.19E-01,++---+-++-++++--++,6.88E-02
57,rs3093017,6:167541258:C:G,6,"167,541,258",Multi,combined,0.526,0.578,0.87,0.85,0.88,1.40E-45,+-------+--------------------------+-,6.55E-01,0.89,0.87,0.91,7.72E-19,+-------+----------------,9.98E-01,0.82,0.8,0.85,7.93E-31,--------,4.67E-01,0.94,0.79,1.12,0.4749,-+,2.61E-01,0.89,0.79,1.01,8.15E-02,0.91,0.73,1.14,4.18E-01,0.85,0.83,0.87,3.64E-47,+-------------------------.-------+-,1.20E-01,0.87,0.85,0.9,2.11E-21,+-----------------------,9.69E-01,0.78,0.75,0.82,1.92E-29,--.-----,9.55E-02,1.01,0.96,1.06,7.95E-01,+-+-+-++++-+++++++,9.75E-01
58,rs940825,7:17207164:T:G,7,"17,207,164",EUR,combined,0.176,0.124,1.1,1.06,1.14,1.98E-07,+++-++-++++++-++-++-++--+.+..+..-.++-,2.59E-02,1.11,1.07,1.16,3.39E-08,+++-++-++++++-++-++-++--+,1.78E-02,1.06,0.92,1.23,4.27E-01,.+..+...,4.67E-01,1.07,0.72,1.57,0.7442,++,8.63E-01,0.89,0.72,1.12,3.29E-01,0.9,0.66,1.23,5.20E-01,1.12,1.07,1.16,5.61E-08,++---++-+++++++++-++--++.+.....-+-++,3.10E-02,1.13,1.08,1.18,1.29E-08,++---++-+++++++++-++--++,2.11E-02,1.08,0.92,1.27,3.26E-01,.+.....+,6.14E-01,1.05,0.96,1.14,3.09E-01,+++-++++-+.....-+-,8.56E-01
59,rs182199544,7:27084581:C:T,7,"27,084,581",Multi,combined,0.006,0.082,0.87,0.84,0.91,3.61E-09,-----+-------+---------+-.-.....-.--+,2.15E-01,0.88,0.84,0.92,5.61E-08,-----+-------+---------+-,1.47E-01,0.92,0.33,2.57,8.71E-01,.-......,1.00E+00,0.8,0.67,0.95,0.01198,--,3.23E-01,0.75,0.46,1.22,2.48E-01,1.07,0.72,1.59,7.33E-01,0.86,0.82,0.91,4.88E-09,-------------+-------+--.......-.+--,4.84E-01,0.87,0.82,0.91,4.16E-08,-------------+-------+--,5.31E-01,NA,NA,NA,NA,NA,NA,0.88,0.78,0.98,2.19E-02,--------++.....---,3.11E-01
60,rs6583441,7:50361874:A:T,7,"50,361,874",Multi,combined,0.531,0.474,0.95,0.93,0.97,4.69E-08,-+------++----+-----+-----+-+------+-,4.78E-01,0.95,0.92,0.97,2.52E-05,-+------++----+-----+----,5.05E-01,0.94,0.91,0.97,4.48E-04,-+-+----,7.12E-01,1.13,0.95,1.34,0.1653,-+,5.57E-02,0.92,0.82,1.04,1.76E-01,0.94,0.76,1.16,5.64E-01,0.95,0.92,0.97,1.18E-06,----++-----+--+-------+--+.+------+-,5.62E-01,0.95,0.92,0.97,8.89E-05,----++-----+--+-------+-,6.37E-01,0.94,0.9,0.98,4.49E-03,-+.+----,8.02E-01,0.97,0.92,1.02,2.59E-01,--+--++--++++----+,8.80E-01
61,rs42044,7:92250140:T:G,7,"92,250,140",Multi,combined,0.101,0.315,1.08,1.05,1.11,1.61E-09,++-++++-+++-+++++++++++-++++++++--+++,5.03E-01,1.08,1.05,1.11,6.82E-07,++-++++-+++-+++++++++++-+,3.86E-01,1.1,1.04,1.15,3.47E-04,+++++++-,5.90E-01,1.08,0.84,1.39,0.5694,++,8.51E-01,0.86,0.68,1.09,2.05E-01,1.14,0.91,1.44,2.54E-01,1.09,1.06,1.12,4.07E-10,+++++-+++-++-+++++++++++++.+++--++++,6.69E-01,1.09,1.05,1.12,1.76E-07,+++++-+++-++-+++++++++++,3.57E-01,1.12,1.05,1.19,7.70E-04,++.+++-+,7.55E-01,1.01,0.95,1.07,8.26E-01,++++--++-----++-+-,1.63E-01
62,rs6979218,7:99893148:C:G,7,"99,893,148",Multi,combined,0.380,0.750,1.09,1.06,1.12,2.24E-11,++++++.--++++.......++.-+++++-++.-+-+,2.36E-01,1.06,1.02,1.1,6.92E-03,++++++.--++++.......++.-+,3.24E-01,1.12,1.08,1.15,1.43E-10,++++-++-,3.84E-01,0.96,0.74,1.25,0.7664,+-,6.87E-01,NA,NA,NA,NA,1.31,0.94,1.83,1.13E-01,1.09,1.05,1.12,1.90E-07,-+++.++.++--+++++.......++.+++-.-+-+,2.34E-01,1.06,1.02,1.11,7.23E-03,-+++.++.++--+++++.......,3.15E-01,1.11,1.06,1.16,3.61E-06,++.+++--,1.18E-01,1.09,1.02,1.16,9.06E-03,+-+.-+.+--+++++.+-,8.67E-02
63,rs3757387,7:128576086:T:C,7,"128,576,086",Multi,combined,0.107,0.454,1.13,1.1,1.15,1.05E-26,+++++++++++-+-+++++++++++++++++++-+++,5.46E-01,1.11,1.09,1.14,1.21E-16,+++++++++++-+-+++++++++++,5.17E-01,1.19,1.13,1.25,6.03E-12,+++++++-,6.83E-01,1.1,0.92,1.31,0.3022,++,4.13E-01,1.12,0.96,1.3,1.36E-01,1.11,0.91,1.36,3.00E-01,1.12,1.09,1.15,1.17E-19,+++++-++++-++++++++++-++++.+++-+++-+,3.13E-01,1.11,1.08,1.14,4.51E-13,+++++-++++-++++++++++-++,2.56E-01,1.2,1.13,1.29,2.32E-08,++.+++-+,6.92E-01,1.13,1.07,1.19,1.83E-05,++++-++++++--+-+++,8.53E-01
64,rs2736340,8:11343973:C:T,8,"11,343,973",Multi,combined,0.721,0.244,1.13,1.1,1.15,9.83E-24,+++++++++++-+++-+-++++++++++++++++++-,2.98E-01,1.11,1.08,1.15,3.40E-11,+++++++++++-+++-+-+++++++,4.45E-01,1.15,1.11,1.19,2.94E-14,++++++++,4.04E-01,1.31,1.05,1.64,0.01863,++,6.88E-01,1.07,0.92,1.24,3.74E-01,0.87,0.68,1.12,2.89E-01,1.13,1.1,1.16,2.42E-19,++++++++++++++++++-++++-++.++++++-++,4.88E-01,1.11,1.08,1.15,4.80E-10,++++++++++++++++++-++++-,5.57E-01,1.17,1.12,1.23,2.80E-11,++.+++++,8.08E-01,1.11,1.05,1.18,6.10E-04,+-++-+++++++++++-+,4.53E-01
65,rs10453119,8:81135682:T:C,8,"81,135,682",Multi,combined,0.519,0.375,1.08,1.05,1.11,3.83E-09,++-+++-++++++++-+++++++++.+..+..+.+++,4.87E-01,1.08,1.05,1.11,1.02E-07,++-+++-++++++++-+++++++++,3.00E-01,1.06,0.95,1.17,2.85E-01,.+..+...,6.36E-01,1.21,1.02,1.45,0.02992,++,6.97E-01,1.12,0.96,1.31,1.65E-01,1.1,0.88,1.38,4.09E-01,1.09,1.06,1.12,7.15E-10,-+++++++++++-++++++++++-.+.....+++++,5.49E-01,1.09,1.06,1.12,1.58E-08,-+++++++++++-++++++++++-,4.64E-01,1.04,0.93,1.16,5.23E-01,.+.....+,9.20E-01,1.02,0.96,1.09,4.92E-01,+++-++++-+.....+-+,3.65E-01
66,rs1264600,8:102453350:T:C,8,"102,453,350",Multi,combined,0.279,0.754,0.92,0.9,0.94,8.73E-10,+---------------+-----+--.-..-..+.--+,7.75E-01,0.92,0.89,0.95,7.07E-09,+---------------+-----+--,6.97E-01,0.85,0.75,0.97,1.31E-02,.-..-...,6.31E-01,0.91,0.77,1.09,0.3048,--,4.65E-01,1.01,0.84,1.22,8.95E-01,1.02,0.79,1.32,8.56E-01,0.92,0.89,0.94,2.29E-09,+------+--+------+------.-.....+-+--,4.09E-01,0.92,0.89,0.94,1.77E-08,+------+--+------+------,3.93E-01,0.83,0.72,0.96,1.23E-02,.-.....-,4.11E-01,0.92,0.86,0.99,2.28E-02,--+------+.....--+,8.10E-01
67,rs16903108,8:129576477:T:C,8,"129,576,477",Multi,combined,0.011,0.129,0.87,0.83,0.9,1.19E-12,------+-------------+-----.-.-..--+--,6.52E-01,0.87,0.83,0.9,1.96E-11,------+-------------+----,6.27E-01,0.85,0.62,1.15,2.95E-01,-.-.-..-,8.45E-01,0.87,0.73,1.04,0.132,+-,1.45E-02,0.77,0.5,1.17,2.14E-01,0.87,0.66,1.15,3.35E-01,0.88,0.84,0.92,2.67E-09,---++-------------------.......----+,5.71E-01,0.88,0.84,0.92,2.94E-08,---++-------------------,7.63E-01,0.77,0.29,2.06,6.08E-01,.......-,1.00E+00,0.86,0.78,0.95,2.75E-03,+-+++-----.....---,2.68E-01
68,rs11777380,8:134211965:G:A,8,"134,211,965",Multi,combined,0.173,0.316,0.92,0.9,0.95,3.00E-10,--+---+-++------+---+------------+++-,6.05E-01,0.92,0.89,0.95,1.79E-07,--+---+-++------+---+----,4.75E-01,0.93,0.88,0.97,9.78E-04,-------+,5.95E-01,1.11,0.83,1.47,0.484,++,7.36E-01,0.75,0.57,0.99,4.23E-02,0.9,0.71,1.15,4.11E-01,0.91,0.89,0.94,3.83E-10,---+-+-----++-+--+--------.---+---+-,5.30E-01,0.91,0.88,0.94,8.57E-08,---+-+-----++-+--+------,3.46E-01,0.91,0.86,0.96,1.81E-03,--.---+-,4.72E-01,0.94,0.89,1,5.73E-02,---+-----++---+--+,5.75E-01
69,rs911760,9:5438435:C:A,9,"5,438,435",EUR,seroposi,0.232,0.186,1.08,1.05,1.11,5.76E-07,++++++.-+++++.......++.-++++++++.++-+,1.10E-01,1.12,1.07,1.17,1.60E-07,++++++.-+++++.......++.-+,1.97E-01,1.05,1,1.09,3.24E-02,++++++++,6.11E-01,0.9,0.74,1.09,0.2781,+-,1.88E-01,NA,NA,NA,NA,1.11,0.78,1.57,5.66E-01,1.09,1.05,1.13,1.50E-06,++++.++.+-+++++++.......++.-+++.++-+,1.68E-01,1.15,1.09,1.2,2.15E-08,++++.++.+-+++++++.......,4.93E-01,1.04,0.98,1.1,1.89E-01,++.-++++,5.20E-01,1.03,0.96,1.11,4.31E-01,++-.++.+-----++.+-,1.19E-01
70,rs2812378,9:34710260:G:A,9,"34,710,260",Multi,combined,0.930,0.684,0.91,0.88,0.93,4.76E-15,--+-----+--+------------------+------,8.37E-01,0.91,0.88,0.93,7.20E-13,--+-----+--+-------------,6.15E-01,0.91,0.84,0.98,1.60E-02,-----+--,5.37E-01,0.88,0.75,1.02,0.09893,--,8.27E-01,0.92,0.79,1.09,3.45E-01,0.9,0.69,1.16,4.08E-01,0.89,0.87,0.92,5.56E-16,-----+------+-------------.-+-------,8.96E-01,0.89,0.87,0.92,4.95E-14,-----+------+-----------,9.12E-01,0.89,0.8,0.98,1.63E-02,--.-+---,2.13E-01,0.93,0.87,0.99,2.19E-02,---++-------+-+-+-,4.22E-01
71,rs1953126,9:123640500:T:C,9,"123,640,500",Multi,combined,0.671,0.640,0.93,0.91,0.95,3.18E-11,-+--+-+-+---+-----------+-----+-+--+-,6.40E-04,0.93,0.91,0.95,3.96E-08,-+--+-+-+---+-----------+,4.15E-03,0.93,0.9,0.97,9.74E-05,-----+--,1.62E-02,1,0.84,1.19,0.9813,-+,7.21E-01,1.06,0.92,1.21,4.39E-01,0.76,0.59,0.99,3.98E-02,0.92,0.9,0.94,6.48E-13,--+++---+--+----+---------.-+--+----,2.69E-03,0.93,0.9,0.95,8.03E-08,--+++---+--+----+-------,4.98E-03,0.89,0.86,0.93,6.94E-07,--.-+---,3.89E-02,0.98,0.93,1.03,4.89E-01,-+-+----+-+-+--+-+,1.55E-02
72,rs3134883,10:6100725:G:A,10,"6,100,725",Multi,combined,0.272,0.293,1.1,1.07,1.12,9.67E-18,+++++++++++-++++++++++++++++++-++---+,4.81E-01,1.11,1.08,1.14,3.13E-13,+++++++++++-+++++++++++++,7.65E-01,1.08,1.04,1.12,4.30E-05,+++++-+-,3.13E-01,0.79,0.56,1.11,0.1701,--,8.76E-01,1.25,1.09,1.43,1.17E-03,1.02,0.79,1.31,8.68E-01,1.1,1.08,1.13,1.77E-15,+++++-++++++++++++++++++++.+-+-+++--,1.43E-01,1.12,1.08,1.15,3.17E-13,+++++-++++++++++++++++++,2.08E-01,1.07,1.02,1.12,3.31E-03,++.+-+-+,2.83E-01,1.09,1.03,1.15,2.82E-03,-+++++-++++-+-++--,3.23E-01
73,rs10905284,10:8115362:C:A,10,"8,115,362",Multi,combined,0.580,0.575,0.93,0.91,0.95,4.98E-12,+---+----------+----+-.------+-------,5.26E-01,0.91,0.88,0.93,3.81E-11,+---+----------+----+-.--,7.68E-01,0.96,0.93,0.99,8.14E-03,----+---,5.37E-01,0.71,0.53,0.93,0.0146,--,5.87E-01,0.92,0.76,1.12,4.08E-01,0.99,0.76,1.28,9.26E-01,0.92,0.89,0.94,3.03E-11,+------.---------------+--.++---+---,4.85E-01,0.9,0.87,0.93,5.05E-11,+------.---------------+,7.71E-01,0.96,0.92,1,6.71E-02,--.++--+,3.91E-01,1.02,0.97,1.08,4.42E-01,++++++.-+-+++-+++-,2.53E-01
74,rs793095,10:31385974:C:T,10,"31,385,974",Multi,combined,0.390,0.469,1.07,1.05,1.09,2.30E-11,-+++++++-+++++++++++++-++++-+-++-+-+-,2.44E-01,1.07,1.04,1.1,1.76E-07,-+++++++-+++++++++++++-++,5.19E-01,1.08,1.05,1.12,3.69E-06,++-+-+++,1.20E-01,0.99,0.78,1.25,0.9198,-+,6.47E-01,1,0.86,1.15,9.74E-01,0.83,0.67,1.03,9.47E-02,1.08,1.06,1.11,1.29E-11,-++++++-++++++++++++++++++.+++++--+-,7.94E-01,1.07,1.05,1.1,3.05E-07,-++++++-++++++++++++++++,9.27E-01,1.11,1.06,1.16,1.05E-06,++.++++-,4.99E-01,1.06,1.01,1.12,2.17E-02,+++-++-++++-+-+---,7.83E-01
75,rs7097397,10:50025396:G:A,10,"50,025,396",Multi,combined,0.694,0.396,0.93,0.91,0.95,1.43E-12,------+-----+--+-+-+--+---+--------+-,1.52E-01,0.95,0.93,0.98,1.31E-04,------+-----+--+-+-+--+--,1.71E-01,0.89,0.86,0.92,1.34E-10,-+------,6.11E-01,0.94,0.74,1.2,0.628,-+,3.79E-01,0.92,0.81,1.04,1.64E-01,0.96,0.78,1.17,6.70E-01,0.93,0.9,0.95,1.01E-10,-------+----------+-+--+-+.---+---+-,5.44E-01,0.94,0.92,0.97,4.04E-05,-------+----------+-+--+,7.27E-01,0.89,0.86,0.93,7.20E-07,-+.---+-,2.81E-01,0.99,0.94,1.04,7.52E-01,--++--+++---+--++-,9.54E-02
76,rs7902146,10:63801030:C:T,10,"63,801,030",Multi,combined,0.716,0.719,0.89,0.87,0.91,7.21E-25,------+----+----+-----+---------.----,6.60E-02,0.9,0.87,0.92,6.17E-13,------+----+----+-----+--,2.53E-02,0.88,0.85,0.91,9.88E-14,--------,4.39E-01,0.99,0.84,1.15,0.8532,--,9.63E-01,NA,NA,NA,NA,0.89,0.72,1.12,3.27E-01,0.88,0.86,0.9,4.41E-23,----+--+---------+--------.---+.----,2.07E-01,0.87,0.84,0.9,8.38E-16,----+--+---------+------,1.35E-01,0.88,0.84,0.92,4.60E-09,--.---+-,3.36E-01,0.95,0.89,1,4.85E-02,+---+-++-+-----.--,2.67E-01
77,rs734094,11:2323220:G:A,11,"2,323,220",Multi,seroposi,0.191,0.400,1.06,1.04,1.09,1.01E-07,--++++-+++++++--++++++-+.++++++++++-+,1.95E-01,1.05,1.02,1.08,1.00E-03,--++++-+++++++--++++++-+.,5.03E-01,1.08,1.04,1.13,4.64E-05,++++++++,4.38E-01,0.94,0.8,1.11,0.4437,+-,4.57E-02,1.26,1.08,1.46,3.00E-03,1.06,0.86,1.31,5.76E-01,1.08,1.05,1.1,3.40E-08,-+---++-+++-++++.+++++--+-.+++++++-+,5.35E-02,1.06,1.02,1.09,5.54E-04,-+---++-+++-++++.+++++--,3.43E-01,1.11,1.05,1.17,7.52E-05,+-.+++++,6.09E-01,0.96,0.91,1.02,1.95E-01,-++-++-+--+--+--+-,5.12E-01
78,rs7943728,11:61547068:G:A,11,"61,547,068",Multi,combined,0.000,0.153,0.91,0.87,0.94,4.41E-08,---+---++--------+--------.+....--++-,6.07E-01,0.91,0.87,0.94,7.49E-08,---+---++--------+-------,2.97E-01,0.89,0.52,1.52,6.63E-01,-.+....-,8.73E-01,1.09,0.62,1.92,0.7701,++,9.50E-01,0.77,0.42,1.38,3.74E-01,0.85,0.6,1.21,3.73E-01,0.89,0.85,0.92,2.11E-09,-+----------------+-----.......-.-++,4.91E-01,0.89,0.85,0.92,2.08E-09,-+----------------+-----,3.11E-01,NA,NA,NA,NA,NA,NA,1,0.91,1.09,9.46E-01,-----++-++.....--+,6.59E-01
79,rs479777,11:64107477:T:C,11,"64,107,477",Multi,combined,0.166,0.340,0.93,0.91,0.95,1.43E-11,--+----+-+-+--+----+---------------+-,4.62E-02,0.94,0.92,0.97,2.05E-05,--+----+-+-+--+----+-----,1.56E-01,0.9,0.86,0.93,6.60E-08,--------,2.37E-01,0.84,0.64,1.1,0.2098,-+,8.31E-03,0.93,0.78,1.11,4.36E-01,0.92,0.73,1.18,5.26E-01,0.94,0.91,0.96,3.69E-07,-----+---+--+-+-----+-+---.-------+-,4.72E-01,0.94,0.91,0.97,3.53E-05,-----+---+--+-+-----+-+-,3.70E-01,0.94,0.89,0.98,9.11E-03,--.-----,8.48E-01,0.92,0.87,0.97,4.37E-03,+---+++-+---------,6.05E-02
80,rs79145843,11:72404893:C:T,11,"72,404,893",Multi,combined,0.227,0.001,0.89,0.86,0.92,8.24E-10,-..+.-..-..--.......+....-------.+-.+,1.69E-01,0.71,0.45,1.13,1.52E-01,-..+.-..-..--.......+....,1.30E-01,0.89,0.86,0.92,9.53E-10,-------+,4.18E-01,0.73,0.03,18.98,0.8511,-.,1.00E+00,NA,NA,NA,NA,2,0.84,4.76,1.16E-01,0.88,0.84,0.93,8.47E-07,-+.+....-....-..........--.-+--.-+..,9.15E-02,0.76,0.42,1.35,3.46E-01,-+.+....-....-..........,1.47E-01,0.88,0.84,0.93,7.93E-07,--.-+---,1.59E-01,0.86,0.77,0.95,3.22E-03,+.-....-..-----.+.,4.16E-01
81,rs4409785,11:95311422:T:C,11,"95,311,422",Multi,combined,0.101,0.190,1.1,1.06,1.13,3.00E-10,+++++-.++++-+++-+-++++.+++++++++++-++,7.55E-01,1.09,1.05,1.12,8.93E-07,+++++-.++++-+++-+-++++.++,5.34E-01,1.1,1.04,1.17,1.13E-03,++++++++,9.66E-01,0.98,0.52,1.85,0.9409,-+,8.48E-02,1.17,1,1.36,4.69E-02,1.28,0.98,1.66,6.67E-02,1.11,1.08,1.15,1.07E-10,++++.-+.+-+++-++++-++++-++.++++++++-,6.35E-01,1.11,1.07,1.15,6.51E-08,++++.-+.+-+++-++++-++++-,3.65E-01,1.13,1.05,1.22,1.46E-03,++.+++++,9.14E-01,1.04,0.97,1.12,2.89E-01,--+.--.++++-+--+++,3.59E-01
82,rs73005423,11:118681079:A:G,11,"118,681,079",Multi,combined,0.120,0.200,0.9,0.88,0.93,4.30E-14,----------------+-----.+--------+---+,2.32E-01,0.89,0.86,0.92,2.22E-12,----------------+-----.+-,3.44E-01,0.92,0.87,0.97,9.14E-04,--------,3.51E-01,0.81,0.59,1.11,0.1868,--,1.57E-01,1,0.86,1.17,9.67E-01,1.14,0.86,1.52,3.57E-01,0.89,0.87,0.92,5.79E-14,-------.-++------+--------.---++-+--,2.53E-01,0.89,0.86,0.92,4.56E-12,-------.-++------+------,2.90E-01,0.9,0.84,0.96,1.48E-03,--.---+-,2.92E-01,0.98,0.91,1.04,4.91E-01,---++-.+--+-----+-,6.31E-01
83,rs10556591,11:128486141:ATG:A,11,"128,486,141",Multi,combined,0.642,0.344,1.08,1.05,1.1,1.48E-11,+-+++-+++++-++-+++++++++++++++++--+++,5.92E-01,1.07,1.04,1.1,2.52E-06,+-+++-+++++-++-++++++++++,5.99E-01,1.1,1.06,1.14,8.75E-07,+++++++-,6.75E-01,1.31,1.03,1.68,0.03107,++,2.65E-01,0.98,0.86,1.12,7.73E-01,1.04,0.83,1.3,7.23E-01,1.07,1.05,1.1,1.45E-08,+++++-+++-+-+-++++++++-+++.+++++++++,6.80E-01,1.06,1.03,1.1,4.68E-05,+++++-+++-+-+-++++++++-+,5.92E-01,1.09,1.04,1.15,1.57E-04,++.+++++,6.71E-01,1.04,0.99,1.1,1.14E-01,+-+--++++++-+++--+,1.99E-01
84,rs1427749,12:46370116:C:G,12,"46,370,116",Multi,combined,0.891,0.804,0.93,0.9,0.95,1.17E-08,--------+-+-----+-----.-------+------,1.58E-01,0.92,0.89,0.95,3.15E-07,--------+-+-----+-----.--,1.28E-01,0.94,0.89,1,3.39E-02,-----+--,3.31E-01,0.9,0.67,1.2,0.4653,--,7.96E-01,1,0.81,1.23,9.77E-01,0.71,0.54,0.94,1.60E-02,0.93,0.9,0.95,4.34E-07,-------.-+-----+-+--------.++--+----,1.68E-01,0.92,0.89,0.95,1.51E-06,-------.-+-----+-+------,1.07E-01,0.96,0.89,1.03,2.43E-01,--.++---,7.08E-01,0.94,0.88,1,6.81E-02,++----.--++-+++---,9.60E-02
85,rs705700,12:56389293:T:C,12,"56,389,293",Multi,combined,0.238,0.395,0.93,0.91,0.95,1.14E-11,--+-----++--+--+------------++--++-+-,8.13E-01,0.93,0.9,0.95,6.03E-09,--+-----++--+--+---------,5.75E-01,0.93,0.89,0.96,1.61E-04,---++--+,9.00E-01,0.99,0.85,1.15,0.8756,-+,3.70E-01,1.03,0.89,1.2,6.51E-01,0.92,0.74,1.15,4.83E-01,0.93,0.91,0.95,4.39E-10,----------+-+-+--------+--.----++-+-,8.72E-01,0.92,0.9,0.95,1.63E-08,----------+-+-+--------+,8.39E-01,0.92,0.87,0.97,1.62E-03,--.----+,8.93E-01,0.95,0.9,1,6.01E-02,---+--++----+-+--+,4.48E-01
86,rs1696466,12:58116397:T:C,12,"58,116,397",EUR,combined,0.365,0.573,1.06,1.04,1.08,1.10E-07,+++++++-+++++++++-+----++++-++++-+++-,1.68E-03,1.07,1.05,1.1,3.94E-08,+++++++-+++++++++-+----++,4.36E-03,1.03,0.99,1.07,1.41E-01,++-+++++,3.75E-02,1.07,0.91,1.26,0.3945,++,9.02E-01,1,0.88,1.13,9.40E-01,0.96,0.78,1.19,7.12E-01,1.07,1.05,1.1,1.04E-08,+++-++--+-++++++++-+-+++++.+-++-+-++,6.67E-03,1.08,1.05,1.11,1.50E-08,+++-++--+-++++++++-+-+++,2.81E-03,1.05,1,1.1,6.28E-02,++.+-+++,2.55E-01,1.01,0.96,1.07,6.73E-01,+--+++-+-++-+-++-+,4.44E-01
87,rs3184504,12:111884608:T:C,12,"111,884,608",Multi,combined,0.997,0.536,0.92,0.89,0.94,2.91E-11,--+--+---------+-+-+-----.......-.+--,8.06E-02,0.92,0.89,0.94,1.04E-10,--+--+---------+-+-+-----,5.08E-02,NA,NA,NA,NA,NA,NA,0.75,0.51,1.1,0.1397,+-,2.64E-01,0.81,0.53,1.22,3.10E-01,0.91,0.73,1.13,4.01E-01,0.92,0.9,0.95,9.57E-09,------------++----+-+--+.......-.--+,2.02E-01,0.92,0.9,0.95,3.50E-08,------------++----+-+--+,1.95E-01,NA,NA,NA,NA,NA,NA,0.92,0.86,0.99,3.03E-02,--------+-.....-+-,2.04E-01
88,rs61944750,13:28634933:G:A,13,"28,634,933",Multi,combined,0.050,0.214,0.91,0.88,0.94,1.69E-08,--------++-+----------.+-----+----+--,6.00E-01,0.91,0.88,0.94,1.61E-07,--------++-+----------.+-,5.98E-01,0.93,0.84,1.03,1.62E-01,----+---,7.78E-01,0.91,0.71,1.18,0.4769,+-,7.50E-03,0.87,0.67,1.14,3.27E-01,0.86,0.67,1.11,2.47E-01,0.9,0.87,0.93,5.18E-09,-----+-.-++---+----------+.-----+--+,7.40E-01,0.9,0.87,0.94,1.75E-07,-----+-.-++---+---------,7.16E-01,0.87,0.76,1,5.79E-02,-+.----+,6.82E-01,0.96,0.89,1.03,2.63E-01,++--+-.--++++-----,8.24E-01
89,rs9532434,13:40355913:T:C,13,"40,355,913",Multi,combined,0.762,0.657,1.11,1.09,1.14,9.37E-22,++++++++-++++++++-++-++++++++-+-+++++,2.47E-01,1.11,1.08,1.14,5.35E-15,++++++++-++++++++-++-++++,6.33E-01,1.11,1.07,1.15,1.69E-07,++++-+-+,1.68E-02,1.23,1.05,1.44,0.01108,++,8.77E-01,1.02,0.87,1.21,7.75E-01,1.01,0.8,1.28,9.25E-01,1.12,1.09,1.14,6.44E-18,+++-+-+++-++++++++-+++++++.++-++--++,4.87E-02,1.13,1.09,1.16,7.31E-15,+++-+-+++-++++++++-+++++,2.00E-01,1.08,1.03,1.14,1.47E-03,++.++-+-,3.74E-02,1.1,1.04,1.16,6.99E-04,--+-++++++++++--++,3.49E-01
90,rs2147161,13:42982302:A:T,13,"42,982,302",Multi,seroposi,0.127,0.212,1.08,1.04,1.11,2.46E-06,++++++++-++---+++++++++++.........+..,9.05E-01,1.08,1.04,1.11,2.56E-06,++++++++-++---+++++++++++,8.76E-01,NA,NA,NA,NA,NA,NA,1.09,0.58,2.06,0.7812,+.,1.00E+00,NA,NA,NA,NA,NA,NA,NA,NA,1.1,1.06,1.13,2.73E-08,+++++++++++++++++++++-++...........+,9.20E-01,1.1,1.06,1.13,3.16E-08,+++++++++++++++++++++-++,8.99E-01,NA,NA,NA,NA,NA,NA,0.98,0.9,1.06,6.10E-01,--+--++-++........,3.80E-01
91,rs146492555,14:61926738:A:AT,14,"61,926,738",Multi,combined,0.266,0.008,1.11,1.07,1.16,2.20E-08,++++++.--+-++.......---+-+.+++++++---,6.03E-01,1.03,0.88,1.2,7.28E-01,++++++.--+-++.......---+-,2.95E-01,1.12,1.08,1.17,8.04E-09,+.++++++,8.80E-01,0.83,0.54,1.27,0.3846,--,8.72E-01,1.11,0.82,1.51,5.01E-01,0.67,0.15,3.02,6.01E-01,1.13,1.08,1.19,5.33E-07,+.--.+--+-+++++--.......+..++++++.--,4.75E-01,1.02,0.85,1.21,8.67E-01,+.--.+--+-+++++--.......,2.28E-01,1.14,1.09,1.2,2.52E-07,+..+++++,8.58E-01,1.09,0.99,1.21,9.12E-02,.+-.-----++++-+-.-,4.68E-01
92,rs1885013,14:68754695:G:A,14,"68,754,695",Multi,combined,0.900,0.652,1.08,1.06,1.11,5.94E-11,-+-++++-+++-+++-++++++-+++++++++-+-++,5.02E-02,1.08,1.05,1.11,8.46E-08,-+-++++-+++-+++-++++++-++,1.76E-02,1.12,1.06,1.17,3.77E-05,++++++++,5.53E-01,0.99,0.81,1.22,0.9442,-+,2.77E-01,0.96,0.77,1.21,7.52E-01,1.05,0.85,1.29,6.61E-01,1.11,1.08,1.14,6.68E-14,-++++-+-+-++-++++++++++-++.++++++++-,4.34E-01,1.1,1.07,1.14,2.42E-10,-++++-+-+-++-++++++++++-,2.72E-01,1.15,1.08,1.23,3.99E-05,++.+++++,7.94E-01,0.98,0.92,1.04,4.72E-01,++---+-+-++++-----,1.10E-01
93,rs175714,14:75981856:T:C,14,"75,981,856",Multi,combined,0.428,0.602,0.94,0.92,0.96,4.14E-08,+-----------------+--+.------+-----+-,1.23E-01,0.93,0.9,0.95,1.63E-07,+-----------------+--+.--,2.12E-01,0.96,0.93,0.99,2.17E-02,----+---,1.37E-01,1.03,0.86,1.24,0.7287,-+,1.78E-01,0.97,0.84,1.12,6.85E-01,0.89,0.7,1.13,3.25E-01,0.94,0.92,0.97,2.97E-06,+----++.-----------+------.-----+-+-,2.28E-01,0.93,0.9,0.96,1.21E-06,+----++.-----------+----,2.43E-01,0.98,0.93,1.02,2.52E-01,--.----+,4.06E-01,0.93,0.88,0.98,4.66E-03,+++---.-----+-+--+,5.37E-01
94,rs3001423,14:105386511:G:A,14,"105,386,511",Multi,combined,0.711,0.990,1.18,1.13,1.22,9.63E-17,.+--++.--+--+........-.+.++++.++.--++,5.78E-03,0.91,0.78,1.07,2.45E-01,.+--++.--+--+........-.+.,3.04E-01,1.2,1.15,1.25,4.37E-19,++++.++-,3.31E-02,0.98,0.78,1.24,0.8836,-+,3.70E-01,NA,NA,NA,NA,1.43,0.85,2.42,1.81E-01,1.17,1.11,1.23,4.02E-10,.--..--.--++-++-........++.++++..++-,1.30E-02,0.89,0.75,1.06,2.02E-01,.--..--.--++-++-........,3.67E-01,1.21,1.14,1.27,3.68E-12,++.++++.,2.22E-02,1.16,1.05,1.29,4.41E-03,-+..-+.+--+++--.+-,1.58E-01
95,rs6495979,15:38847359:C:T,15,"38,847,359",Multi,combined,0.581,0.252,1.11,1.08,1.13,7.57E-22,+-++++++-++-+++++++++++++++++++++-++-,2.01E-02,1.11,1.08,1.14,1.33E-12,+-++++++-++-+++++++++++++,1.16E-02,1.11,1.07,1.14,2.37E-09,+++++++-,3.49E-01,1.27,1.06,1.51,0.007645,++,2.41E-01,1.12,0.99,1.26,8.49E-02,0.96,0.77,1.2,7.30E-01,1.12,1.09,1.15,5.68E-20,-++++-+++++-++++++++++++++.+++-++-++,1.68E-01,1.12,1.09,1.16,2.00E-13,-++++-+++++-++++++++++++,1.32E-01,1.11,1.06,1.16,1.51E-06,++.+++-+,5.76E-01,1.05,1,1.11,6.51E-02,+-+--++++-+-++-+-+,4.57E-01
96,rs8026898,15:69991417:G:A,15,"69,991,417",Multi,combined,0.096,0.285,1.14,1.11,1.17,3.21E-24,++++++++++++++++++++++++++-++++++++-+,1.12E-01,1.15,1.12,1.18,9.90E-23,+++++++++++++++++++++++++,9.91E-02,1.12,1.04,1.2,2.93E-03,+-++++++,5.31E-01,1.02,0.88,1.2,0.7671,+-,4.60E-02,1.06,0.91,1.24,4.29E-01,1.09,0.86,1.37,4.93E-01,1.15,1.12,1.18,5.03E-23,++++++++++++++++++++++++++.+++++++-+,2.18E-01,1.16,1.13,1.19,3.35E-22,++++++++++++++++++++++++,1.44E-01,1.14,1.04,1.25,6.16E-03,++.+++++,7.66E-01,1.09,1.03,1.16,4.08E-03,++++-++++++---+++-,4.19E-01
97,rs115284761,15:77326836:T:C,15,"77,326,836",Multi,combined,0.282,0.247,0.91,0.89,0.94,1.71E-11,-----+.-+--+-.......+-.-------+-.----,7.32E-02,0.89,0.85,0.93,2.78E-08,-----+.-+--+-.......+-.--,1.77E-01,0.93,0.9,0.97,2.37E-04,-----+--,1.38E-01,0.82,0.66,1.04,0.101,--,2.06E-01,NA,NA,NA,NA,0.79,0.59,1.04,9.29E-02,0.89,0.86,0.92,1.53E-11,---+.--.-----+---.......--.----.----,1.65E-02,0.88,0.84,0.92,5.00E-08,---+.--.-----+---.......,4.59E-02,0.92,0.87,0.96,3.96E-04,--.-----,1.24E-01,0.99,0.93,1.06,7.78E-01,---.+-.-+-++-++.--,6.53E-01
98,rs7171617,15:90904858:G:A,15,"90,904,858",Multi,combined,0.347,0.182,1.08,1.05,1.11,8.89E-10,+-+-++.+-++++.......++.-++++++++.++++,6.50E-01,1.07,1.03,1.11,5.03E-04,+-+-++.+-++++.......++.-+,2.25E-01,1.09,1.05,1.13,4.47E-07,++++++++,8.70E-01,1.04,0.89,1.22,0.5895,++,8.48E-01,NA,NA,NA,NA,1.09,0.85,1.39,5.18E-01,1.1,1.07,1.13,2.41E-10,+-++.++.+++-+++++.......++.++++.++++,5.39E-01,1.09,1.04,1.14,8.31E-05,+-++.++.+++-+++++.......,1.67E-01,1.12,1.07,1.16,8.02E-07,++.+++++,8.04E-01,1.04,0.97,1.1,2.57E-01,-++.++.++-+--+-.+-,3.51E-01
99,rs4584833,16:11798758:C:T,16,"11,798,758",Multi,combined,0.419,0.579,1.08,1.05,1.1,3.95E-09,+++-++-++++++++-+-+++++++.-..+..-.-+-,8.72E-02,1.09,1.06,1.12,3.51E-10,+++-++-++++++++-+-+++++++,1.72E-01,1.03,0.93,1.14,5.77E-01,.-..+...,2.16E-01,1.03,0.88,1.21,0.7085,-+,9.54E-02,0.92,0.79,1.08,3.15E-01,0.96,0.77,1.21,7.54E-01,1.09,1.06,1.12,4.45E-10,+-++-+++++++++++++-++++-.-.....-+-+-,2.20E-01,1.1,1.07,1.13,1.08E-10,+-++-+++++++++++++-++++-,2.72E-01,1.03,0.92,1.15,5.90E-01,.-.....+,1.84E-01,1.01,0.95,1.08,6.50E-01,+----+++++.....--+,4.37E-01
100,rs34480360,16:30798689:G:A,16,"30,798,689",Multi,combined,0.109,0.297,1.08,1.05,1.1,2.84E-09,++++++-+-+-++++++++++++-++-+++++--+-+,4.26E-01,1.08,1.05,1.11,1.46E-07,++++++-+-+-++++++++++++-+,8.29E-01,1.12,1.06,1.19,1.68E-04,+-+++++-,2.09E-01,0.95,0.8,1.14,0.6026,+-,1.82E-01,0.92,0.78,1.07,2.65E-01,1,0.79,1.28,9.70E-01,1.08,1.05,1.11,2.02E-08,++++++++++-++++-+++++++++-.++++-+--+,5.64E-01,1.09,1.06,1.12,3.69E-08,++++++++++-++++-++++++++,7.48E-01,1.1,1.02,1.19,1.72E-02,+-.+++++,5.04E-01,1.06,1,1.13,6.33E-02,+++-++++++-+-++-+-,3.34E-01
101,rs9927316,16:86016401:C:G,16,"86,016,401",Multi,combined,0.479,0.240,1.11,1.09,1.14,1.21E-19,++-+++++-++-+-+-++++-++++++++++++++-+,7.99E-01,1.11,1.08,1.15,2.57E-11,++-+++++-++-+-+-++++-++++,5.19E-01,1.11,1.07,1.15,1.89E-09,++++++++,7.24E-01,1,0.82,1.23,0.9649,+-,6.26E-01,1.09,0.96,1.24,1.67E-01,1.14,0.85,1.53,3.76E-01,1.13,1.1,1.16,5.01E-18,+++-++++++++-++++++++-+-++.+++++++-+,6.79E-01,1.12,1.08,1.16,1.14E-10,+++-++++++++-++++++++-+-,4.62E-01,1.14,1.09,1.19,1.25E-08,++.+++++,5.74E-01,1.08,1.02,1.15,7.21E-03,+--+-+-++-+++-+++-,5.77E-01
102,rs8073171,17:5147239:G:A,17,"5,147,239",Multi,combined,0.496,0.231,1.07,1.04,1.09,4.57E-08,--++++.+++++++++-+-+++++++++-++++--++,9.25E-01,1.07,1.04,1.11,5.27E-05,--++++.+++++++++-+-++++++,9.11E-01,1.06,1.03,1.1,3.49E-04,+++-+++-,3.41E-01,1.02,0.87,1.21,0.773,-+,4.65E-01,1.12,0.93,1.34,2.34E-01,1.04,0.82,1.3,7.67E-01,1.06,1.03,1.09,3.58E-05,-+-+.++++++-+++++-+-+++++..-++-++-+-,8.54E-01,1.07,1.02,1.11,1.38E-03,-+-+.++++++-+++++-+-++++,8.11E-01,1.06,1.01,1.1,1.11E-02,+..-++-+,4.05E-01,1.07,1.01,1.14,2.15E-02,-++.--++++++-+++++,9.92E-01
103,rs11375064,17:25904074:G:GT,17,"25,904,074",Multi,seroposi,0.437,0.603,1.06,1.04,1.09,2.61E-06,+++++--+-+-+++++++++++.-+.-..+..+.++-,2.35E-01,1.07,1.04,1.1,2.42E-06,+++++--+-+-+++++++++++.-+,3.95E-01,0.94,0.83,1.05,2.69E-01,.-..+...,5.99E-02,1.16,0.98,1.37,0.09175,++,7.99E-01,1.1,0.97,1.25,1.47E-01,0.98,0.78,1.23,8.69E-01,1.08,1.05,1.11,3.92E-08,-++++++.+++++-+-++++++++.......++-++,5.17E-01,1.08,1.05,1.11,3.10E-07,-++++++.+++++-+-++++++++,3.52E-01,1.04,0.89,1.23,6.11E-01,.......+,1.00E+00,1.01,0.94,1.07,8.71E-01,+++--+.+--.....++-,2.95E-01
104,rs56750287,17:38062944:A:C,17,"38,062,944",Multi,combined,0.282,0.466,1.08,1.05,1.1,7.10E-13,++++++-+++++++++++++++-+++.+++++++-++,8.29E-01,1.08,1.05,1.11,1.95E-09,++++++-+++++++++++++++-++,8.28E-01,1.07,1.03,1.11,1.78E-04,+.++++++,3.68E-01,1.09,0.88,1.36,0.4279,-+,1.63E-01,1.02,0.89,1.17,7.86E-01,1.16,0.94,1.44,1.70E-01,1.08,1.06,1.11,5.07E-12,++++-++-++-++++++++++++++..++++-+++-,8.38E-01,1.08,1.06,1.11,4.05E-09,++++-++-++-+++++++++++++,8.37E-01,1.1,1.05,1.15,1.30E-04,+..+++++,6.94E-01,1.05,1,1.1,5.68E-02,-+++++-+++--++++++,6.54E-01
105,rs591549,18:3542247:T:C,18,"3,542,247",Multi,combined,0.352,0.680,0.91,0.88,0.94,9.14E-09,---+--.---.-+.......-..-.-.-+---.-+-.,5.75E-03,0.93,0.88,0.98,5.20E-03,---+--.---.-+.......-..-.,3.46E-01,0.9,0.87,0.94,1.02E-06,-.-+----,6.40E-04,0.89,0.76,1.04,0.1427,+-,7.20E-02,NA,NA,NA,NA,NA,NA,NA,NA,0.89,0.86,0.93,3.39E-08,-+--.-..+------.........-..+---.-.--,2.11E-02,0.91,0.85,0.97,3.66E-03,-+--.-..+------.........,3.91E-01,0.88,0.84,0.93,9.21E-06,-..+----,1.58E-03,1,0.93,1.08,9.85E-01,---.-..+-++----..-,2.47E-01
106,rs7241016,18:12880206:A:G,18,"12,880,206",Multi,combined,0.296,0.136,1.11,1.08,1.14,2.76E-18,+-++++++-++-++++++++-++++++++++++--++,2.56E-02,1.11,1.07,1.15,3.12E-09,+-++++++-++-++++++++-++++,3.12E-02,1.11,1.08,1.15,3.40E-10,+++++++-,6.34E-02,0.99,0.84,1.17,0.925,-+,7.03E-01,1.16,1,1.34,5.18E-02,1.04,0.78,1.38,7.82E-01,1.12,1.08,1.15,6.06E-15,+++---++-++-++++++++++++++.+++-++++-,3.41E-02,1.12,1.08,1.16,4.20E-09,+++---++-++-++++++++++++,5.97E-02,1.12,1.07,1.17,1.94E-07,++.+++-+,4.86E-02,1.09,1.03,1.16,4.11E-03,++-+-+++-++++-++--,1.94E-01
107,rs371734407,18:60009634:C:CAAAAAAAAAA,18,"60,009,634",Multi,seroposi,0.439,0.586,1.07,1.04,1.11,6.14E-06,++-+++.-++++-.......+++++.........-++,2.47E-01,1.07,1.04,1.11,1.25E-05,++-+++.-++++-.......+++++,1.60E-01,NA,NA,NA,NA,NA,NA,1.03,0.87,1.22,0.7237,-+,5.83E-01,NA,NA,NA,NA,1.18,0.95,1.48,1.37E-01,1.1,1.06,1.14,4.14E-08,++++.++++--+-++++................+++,3.34E-01,1.1,1.06,1.14,3.47E-07,++++.++++--+-++++.......,3.14E-01,NA,NA,NA,NA,NA,NA,0.97,0.91,1.04,3.62E-01,-+-.-++--+......--,4.76E-02
108,rs143107126,18:67547439:AAGGC:A,18,"67,547,439",Multi,combined,0.345,0.427,1.07,1.05,1.09,5.10E-11,+++-+++++-++++++++++-+-++++++++++++++,1.43E-01,1.05,1.02,1.07,5.15E-04,+++-+++++-++++++++++-+-++,1.65E-01,1.1,1.07,1.14,1.33E-08,++++++++,8.02E-01,1.08,0.92,1.26,0.3665,++,7.45E-01,1.06,0.94,1.2,3.25E-01,1.39,1.1,1.76,6.05E-03,1.06,1.03,1.08,1.27E-06,+--++++--+++++-++++++++++-.-++++++++,8.84E-02,1.04,1.01,1.07,3.20E-03,+--++++--+++++-+++++++++,9.19E-02,1.09,1.04,1.14,1.54E-04,+-.-++++,3.29E-01,1.08,1.02,1.13,5.13E-03,++-+---+++++-+++++,5.65E-01
109,rs10415976,19:941603:A:G,19,"941,603",Multi,combined,0.469,0.085,0.92,0.9,0.95,2.90E-08,.---.+-.++.--+++--+-...+----+.-----++,4.47E-03,0.95,0.9,1.01,8.69E-02,.---.+-.++.--+++--+-...+-,4.98E-03,0.91,0.88,0.95,5.81E-07,---+.---,3.14E-01,0.89,0.73,1.09,0.2663,-+,4.75E-02,0.85,0.75,0.97,1.60E-02,1.13,0.81,1.59,4.68E-01,0.93,0.89,0.96,1.58E-05,.-..-+..-.+--++.---+-+++--.---+-.++-,8.73E-03,0.95,0.9,1.01,8.81E-02,.-..-+..-.+--++.---+-+++,7.79E-03,0.92,0.88,0.96,4.75E-04,--.---+.,5.75E-01,0.93,0.86,1,6.22E-02,+..--..-.-+-++--++,1.65E-01
110,rs34536443,19:10463118:G:C,19,"10,463,118",Multi,combined,0.000,0.029,0.64,0.58,0.7,5.51E-21,-------------+--------.-........-..+-,3.40E-01,0.64,0.59,0.71,2.18E-20,-------------+--------.-.,2.34E-01,NA,NA,NA,NA,NA,NA,1.11,0.04,32.76,0.9518,.+,1.00E+00,0.51,0.15,1.73,2.79E-01,0.4,0.13,1.26,1.18E-01,0.64,0.58,0.7,1.69E-18,------+.-+------.----+--.........-..,3.68E-01,0.64,0.58,0.71,2.76E-18,------+.-+------.----+--,3.17E-01,NA,NA,NA,NA,NA,NA,0.76,0.58,0.99,4.43E-02,------.---......-.,8.93E-01
111,rs55762233,19:19367319:C:G,19,"19,367,319",Multi,combined,0.020,0.166,1.1,1.07,1.14,1.43E-09,-++-++++-++++-++---++++-+++-+.+-.++-+,4.96E-02,1.09,1.06,1.13,4.46E-07,-++-++++-++++-++---++++-+,4.09E-01,1.13,0.98,1.29,8.32E-02,++-+.+-+,3.00E-01,1.3,1.1,1.54,0.002573,+-,1.51E-03,NA,NA,NA,NA,1.34,1.05,1.72,1.95E-02,1.11,1.07,1.15,1.56E-08,--++++++++-++++++---+-++++.-+-...+++,5.58E-02,1.1,1.06,1.14,1.12E-06,--++++++++-++++++---+-++,2.80E-01,1.11,0.93,1.33,2.41E-01,++.-+-..,1.76E-01,1.08,1,1.17,3.81E-02,++-+-+++--++++-.+-,1.26E-01
112,rs28373672,19:36213072:A:G,19,"36,213,072",Multi,combined,0.236,0.234,0.93,0.91,0.96,3.33E-08,--+--+-------.-----.--+---------.-+-+,3.12E-01,0.94,0.91,0.97,1.77E-04,--+--+-------.-----.--+--,4.46E-01,0.93,0.89,0.96,7.35E-05,--------,2.20E-01,0.88,0.75,1.04,0.1244,+-,9.35E-02,NA,NA,NA,NA,1.06,0.84,1.33,6.07E-01,0.93,0.9,0.96,1.75E-06,-------+----++------..----.----.-+-+,5.27E-01,0.92,0.89,0.96,4.48E-05,-------+----++------..--,6.39E-01,0.94,0.9,0.99,1.52E-02,--.-----,6.11E-01,0.99,0.93,1.05,7.56E-01,--++-++---+-+--.+-,7.18E-01
113,rs8106598,19:52017940:C:T,19,"52,017,940",Multi,seroposi,0.075,0.223,1.06,1.04,1.09,2.22E-06,-++++++-++++--+-++---++-++-++++++--++,1.10E-01,1.06,1.03,1.09,1.51E-04,-++++++-++++--+-++---++-+,2.55E-01,1.06,1.01,1.11,2.53E-02,+-+++++-,3.43E-02,1.09,0.92,1.28,0.3406,-+,2.25E-01,1.21,1,1.47,4.96E-02,1.05,0.83,1.33,6.76E-01,1.08,1.05,1.11,3.12E-08,-+++++++-++++++++++---+-+-.+++-++++-,1.59E-01,1.08,1.04,1.11,7.94E-06,-+++++++-++++++++++---+-,2.66E-01,1.09,1.02,1.16,8.49E-03,+-.+++-+,5.95E-02,1.01,0.95,1.07,7.98E-01,++++-----+--++++-+,7.75E-01
114,rs1883832,20:44746982:T:C,20,"44,746,982",Multi,combined,0.568,0.741,1.11,1.09,1.13,4.17E-21,++++++-++++-++++++++++-++++++-+++++++,7.28E-02,1.11,1.08,1.14,2.52E-12,++++++-++++-++++++++++-++,1.03E-01,1.11,1.07,1.15,8.65E-10,++++-+++,2.72E-02,1.07,0.72,1.6,0.7229,++,8.83E-01,1.09,0.96,1.24,1.77E-01,1.08,0.86,1.35,5.01E-01,1.12,1.09,1.14,1.16E-17,++-+--++++++++++++++++++++.+++++-++-,1.89E-01,1.13,1.09,1.16,2.76E-13,++-+--++++++++++++++++++,6.12E-02,1.1,1.05,1.15,2.19E-05,++.++++-,4.42E-01,1.01,0.96,1.06,7.64E-01,+-+-++---+-+-++++-,6.17E-01
115,rs4809371,20:62480898:C:T,20,"62,480,898",Multi,combined,0.423,0.057,0.92,0.89,0.94,9.91E-09,++-+-----------+-+----.-.-.--.----+-+,6.32E-01,0.87,0.82,0.93,1.24E-05,++-+-----------+-+----.-.,6.18E-01,0.93,0.89,0.96,4.73E-05,-.--.---,5.07E-01,0.99,0.71,1.37,0.9363,+-,6.49E-01,0.92,0.79,1.09,3.43E-01,1.39,0.75,2.58,2.96E-01,0.89,0.86,0.93,2.33E-09,+------.---+----.-+----+-..-----.+--,9.49E-01,0.88,0.82,0.94,1.82E-04,+------.---+----.-+----+,8.09E-01,0.89,0.85,0.93,2.17E-06,-..----.,9.81E-01,0.96,0.89,1.03,2.62E-01,--+---.---+++---+-,6.92E-01
116,rs2300373,21:34788739:A:T,21,"34,788,739",Multi,combined,0.428,0.142,0.93,0.91,0.95,3.96E-09,----+------------------------+----+++,6.75E-01,0.89,0.86,0.93,8.61E-09,----+--------------------,7.96E-01,0.95,0.92,0.98,2.34E-03,----+---,6.33E-01,1.06,0.87,1.29,0.5605,++,8.48E-01,0.97,0.85,1.11,6.78E-01,1.01,0.72,1.43,9.44E-01,0.93,0.9,0.95,9.61E-08,----------+---------------.-+-+++-++,4.69E-01,0.89,0.85,0.93,1.89E-08,----------+-------------,6.68E-01,0.95,0.91,0.99,2.02E-02,--.-+-++,5.77E-01,0.95,0.9,1.02,1.44E-01,-+----+----+----++,1.56E-01
117,rs66922517,21:36714980:TATGCAA:T,21,"36,714,980",Multi,combined,0.596,0.642,1.08,1.06,1.1,1.21E-12,+++-++-+-+++++++++++++.++++++++++-++-,9.56E-01,1.09,1.06,1.12,2.72E-09,+++-++-+-+++++++++++++.++,9.56E-01,1.07,1.04,1.11,7.63E-05,+++++++-,7.33E-01,1.23,0.85,1.77,0.2698,++,9.74E-02,1.03,0.89,1.19,6.69E-01,0.94,0.69,1.28,7.05E-01,1.08,1.06,1.11,2.58E-10,++++-++.++++++++++++++++++.+++-+++-+,9.03E-01,1.09,1.06,1.12,1.35E-08,++++-++.++++++++++++++++,9.54E-01,1.07,1.02,1.12,3.87E-03,++.+++-+,3.63E-01,1.08,1.02,1.14,8.96E-03,--+++-.+++++++++-+,4.71E-01
118,rs1893592,21:43855067:A:C,21,"43,855,067",Multi,combined,0.279,0.276,0.93,0.91,0.95,1.07E-10,-------++--++--+------+---+-------+++,8.90E-03,0.93,0.91,0.96,2.04E-06,-------++--++--+------+--,2.21E-03,0.92,0.88,0.95,4.93E-06,-+------,3.07E-01,1.11,0.79,1.55,0.554,++,9.74E-01,0.97,0.85,1.1,6.24E-01,1.04,0.71,1.53,8.34E-01,0.91,0.89,0.94,1.70E-11,-----+-+--+------------+-+.-------++,1.67E-02,0.92,0.89,0.95,1.35E-07,-----+-+--+------------+,2.37E-03,0.9,0.86,0.95,4.56E-05,-+.-----,4.58E-01,1.05,0.99,1.11,9.97E-02,+---+-+++-+-+-++++,1.77E-01
119,rs11454989,21:45709161:A:AC,21,"45,709,161",Multi,combined,0.401,0.106,1.13,1.09,1.17,6.73E-11,.........................+.++.++++...,5.34E-01,NA,NA,NA,NA,NA,NA,1.13,1.09,1.17,4.12E-11,+.++.+++,5.47E-01,NA,NA,NA,NA,NA,NA,1.03,0.86,1.23,7.44E-01,NA,NA,NA,NA,1.15,1.1,1.21,2.91E-09,........................+..+++++....,2.10E-01,NA,NA,NA,NA,NA,NA,1.16,1.11,1.22,1.19E-09,+..++++.,2.49E-01,1.01,0.92,1.11,8.40E-01,..........+--+++..,8.61E-01
120,rs5754100,22:21916166:T:C,22,"21,916,166",Multi,combined,0.396,0.184,1.1,1.07,1.12,1.05E-12,+++++++++++-++++-++++++++++++++++++-+,8.83E-01,1.11,1.07,1.15,4.92E-09,+++++++++++-++++-++++++++,8.25E-01,1.08,1.04,1.12,1.69E-04,++++++++,6.37E-01,0.92,0.6,1.43,0.716,+-,4.17E-01,1.13,0.98,1.29,8.75E-02,1.23,0.94,1.61,1.36E-01,1.1,1.07,1.13,2.68E-10,-++-+-++-++++++++-++++++++.+-+++++-+,8.79E-01,1.11,1.07,1.15,1.70E-07,-++-+-++-++++++++-++++++,8.07E-01,1.08,1.03,1.13,2.78E-03,++.+-+++,6.51E-01,1.13,1.06,1.21,1.41E-04,+-++-++++-++++-++-,2.53E-01
121,rs5756407,22:37316259:T:C,22,"37,316,259",Multi,combined,0.559,0.516,1.06,1.04,1.08,2.01E-09,-+-+++++--+-+--++++-++++++++++++++++-,3.35E-01,1.05,1.02,1.08,2.03E-04,-+-+++++--+-+--++++-+++++,2.23E-01,1.09,1.05,1.13,1.43E-06,++++++++,8.56E-01,1.38,1.05,1.8,0.01924,++,8.60E-01,1.03,0.9,1.18,6.46E-01,1,0.81,1.23,9.89E-01,1.06,1.03,1.08,2.09E-06,-+++++-+++++-+-+++++---+++.+++-+++++,3.19E-01,1.05,1.02,1.08,2.80E-04,-+++++-+++++-+-+++++---+,1.14E-01,1.06,1.02,1.11,5.32E-03,++.+++-+,8.10E-01,1.08,1.02,1.14,4.00E-03,+-++-+-+++++-----+,9.74E-02
122,rs2069235,22:39747780:G:A,22,"39,747,780",Multi,combined,0.776,0.299,1.12,1.09,1.14,1.14E-20,+++++-+-+++-++++++++++-++++++++++-+--,2.99E-01,1.1,1.07,1.13,5.59E-11,+++++-+-+++-++++++++++-++,6.72E-01,1.2,1.14,1.26,1.91E-13,+++++++-,5.14E-01,1.03,0.87,1.22,0.7559,+-,5.36E-01,1.11,0.98,1.26,1.15E-01,0.95,0.75,1.2,6.88E-01,1.13,1.1,1.16,3.11E-20,+++++-+-+++++-++++++++++++.+++-++--+,3.53E-01,1.11,1.08,1.14,6.73E-12,+++++-+-+++++-++++++++++,7.21E-01,1.25,1.17,1.33,9.03E-12,++.+++-+,6.88E-01,1.03,0.97,1.09,3.34E-01,++-+-+++--++--++--,7.23E-01